lat,lng
47.880344,10.040342
42.710356,-73.819109
41.699048,-85.000326
59.426361,15.827083
35.486585,-120.666378
60.898649,7.210826
47.85229077,3.543402815
49.211936,9.077322
38.249149,-112.652524
45.734046,-108.604932
37.625618,-109.473842
33.443011,-112.556876
34.614555,-120.188432
36.070788,-79.511222
48.509771,-122.338627
46.729872,-122.977392
45.58693,4.787807
41.161085,-104.804955
29.690066,-96.537727
39.92646,-122.1984
40.683508,-80.108327
41.080103,-73.46135
41.067306,-73.504917
42.235962,-71.178212
44.737025,-122.152108
62.074665,9.127661
41.660517,-71.497242
44.77083,-91.43711
52.359241,7.264215
56.93193,12.51805
38.642291,-121.18813
37.492439,-121.944725
35.505278,-108.828094
32.943675,-112.734081
37.66976,-77.461414
39.552676,-107.340171
60.702333,8.986
39.326258,-101.725107
49.91157864,10.00140633
39.090758,-108.604325
38.993577,-110.140513
41.041538,-73.671661
41.040555,-73.673445
39.605859,-77.733324
38.90042611,-99.31856264
52.174537,11.493001
34.922962,-110.145558
22.274495,114.171429
30.716158,-95.565944
48.411054,10.44042
40.66319,-73.793192
22.306989,114.212648
51.570195,7.675267
59.381482,13.467294
35.191331,-114.065592
43.879042,-91.188428
36.165906,-115.138655
59.766259,10.257838
61.130464,10.434918
39.26937369,-103.7087172
46.052057,14.45315
55.766399,12.990671
46.832233,6.859269
42.75625,-104.45267
51.370996,9.633307
58.15652,7.10296
41.31361465,-81.5171092
46.346553,4.850173
43.12669,-89.306896
41.57833,-83.664593
43.795551,-90.059358
55.51074628,9.764323729
41.245823,-73.009059
41.246242,-73.010522
41.717337,-86.18863
43.701129,-98.0445
38.573122,-109.552368
36.6171238,-121.8438038
50.202872,11.776552
43.886915,-100.716887
39.678111,-111.841003
40.749014,-74.135578
43.815364,4.344721
40.508562,-88.984738
51.626573,4.869871
42.518715,-87.950428
35.850587,-76.756116
29.108571,-81.034603
27.312983,-80.406683
33.660784,-114.241801
56.43301468,10.05558366
44.105601,-103.212569
48.99469384,12.150694
51.947203,10.140477
38.78799,-112.085173
42.243893,-88.978895
38.800537,-121.210485
35.972904,-77.846845
38.771208,-121.266149
38.87738376,-97.61871509
33.498538,-117.66309
29.827707,-97.979685
61.77824031,6.213241712
33.485858,-80.475763
32.135885,-81.212853
39.631467,-106.070818
59.324292,10.954448
40.017517,-79.07712
44.082607,-123.037458
47.130137,10.269231
29.924286,-81.416018
42.056357,-86.456352
31.448847,-83.53221
43.7405008,-79.3217339
40.061396,-80.6024
58.35169,11.81156
59.570131,7.992551
33.970281,-112.731503
50.816873,8.08576
40.535859,-74.297322
43.63385,-95.595647
32.726686,-114.619093
51.940726,6.081793
63.011511,7.975911
47.3265235,7.8048088
59.7708328,10.2621389
51.507888,-0.221972
48.2725284,12.55031
43.1685194,2.9850479
50.5883964,4.307388
49.1818243,10.068356
45.611941,-121.208249
57.45554462,10.04067481
50.181953,9.006662
35.969135,-86.804301
36.748516,-78.103517
51.5111657,-0.4612202
48.992001,4.245283
30.181405,-82.679605
40.544595,-74.334113
52.531375,6.157279
51.5047,-0.016314
39.167745,-120.144472
47.82683,11.89809
55.489365,12.162954
47.726601,13.060463
35.67084836,139.75278306
35.425664,139.537478
35.038644,-85.19593
49.216414,6.170791
45.147765,8.990621
58.3279162,13.1327222
62.114848,10.616398
50.645428,8.9899167
27.940665,-82.323525
46.1369161,6.1243056
49.208678,2.606682
55.9453606,-3.3666667
51.420596,-0.988024
50.9881005,5.7805974
32.878773,-111.681694
47.407325,0.744827
57.028956,14.014744
40.416707,-86.814045
34.32753,-112.11846
39.044394,-95.760226
46.971073,8.459073
45.83626,-109.94341
45.70007,-111.06329
44.1121662,4.85175
41.781195,-70.540289
47.003965,9.525809
46.914375,-114.031924
48.765484,13.046655
39.702238,-86.07959
60.884173,11.540802
68.860064,18.346626
29.140981,-82.193938
45.750012,-0.661725
39.77512,-104.794648
49.5326939,12.1348611
41.585206,-87.721114
38.4016,-75.56489
52.278996,9.35084
22.278527,114.184858
35.617642,139.776912
67.962427,15.929526
39.858702,-84.277027
60.648437,17.120392
49.507382,8.63748
53.417404,-2.6393
66.81416,15.40154
-37.831997,144.995807
63.32885,14.430388
55.067331,9.361081
62.398466,17.339038
28.514873,-81.500189
34.113584,-117.529427
58.227074,14.668253
54.477799,9.544758
65.834832,13.191592
64.464757,12.316403
51.438018,0.268845
27.60089,-80.82286
59.496498,17.924318
51.286224,0.545783
44.574119,10.981157
50.685442,-3.448837
58.918156,17.367987
45.981226,-112.507161
46.496797,9.84272
41.722672,-72.759717
51.08246,13.274088
45.412326,10.970212
46.126595,7.060944
48.64136,8.037807
43.769334,1.361378
53.067403,12.533227
48.638215,6.184349
33.79382,-84.39713
51.087187,9.48516
46.604164,13.869183
52.185729,-0.89127
33.986765,-118.390162
48.343506,8.663626
34.657031,135.226048
30.199071,-93.248782
40.726668,-84.071932
32.760837,-115.532486
51.009594,-118.218857
32.627837,-85.445105
42.203734,-71.833059
39.748868,-89.67119
30.720702,-86.116677
42.838443,-72.565798
43.109066,-71.477768
34.84845,-114.614
39.877253,-83.063448
45.16724,1.483119
48.510794,11.581893
51.16725,-1.328024
43.11007,-71.475065
33.865736,-118.395322
37.60878,-97.33314
52.251899,-113.814659
40.738399,-114.058998
30.423892,-91.154637
36.60059,-118.061916
40.179476,-118.472135
63.325319,10.305137
44.268212,-76.502325
44.341123,-79.678975
40.836301,-115.790859
53.732774,-1.585622
38.017955,-84.420664
38.242676,-122.625023
37.14916,-84.11385
51.312784,-116.97458
46.13916,8.907291
43.113878,-75.206857
34.700941,135.51077
42.130914,-72.621435
39.040814,-94.369265
40.958869,-117.746501
35.226765,-100.24836
40.684466,-112.269008
35.347264,-80.859183
50.924425,1.80414
49.924001,7.825672
60.484345,5.375959
47.708479,-116.794283
51.100208,-115.359179
50.48272,7.750214
41.220921,-95.835579
35.53859,-98.66012
34.947013,-104.647997
34.179106,-97.165632
53.460761,9.939778
35.646451,-117.812644
35.684656,139.761252
42.239116,-82.550227
51.45047,11.304389
41.70995,-112.198576
39.137114,-88.563468
45.899084,-72.51942
51.290043,12.137328
49.640815,6.270681
45.607412,13.93151
56.178032,10.139133
36.289315,-97.325935
53.489393,-1.486223
48.041833,0.175342
43.102424,-76.187446
30.671556,-88.118644
22.368929,114.120542
38.78216,-90.5329
24.725916,-81.047519
47.459205,12.385998
60.442961,22.605621
49.769148,10.47046
61.181106,23.885075
51.525051,-2.595029
63.466412,10.918711
45.73745,7.371416
35.901319,-84.149634
45.64655,-118.68198
35.15396,-103.7226
53.369722,9.802193
37.415328,-122.076575
32.71915,-117.159545
42.968675,-78.69568
43.437399,11.777607
51.949095,13.787957
40.415938,-74.444713
29.9805,-95.42123
41.499616,-74.071324
42.914231,-85.533057
54.899885,11.89693
46.995355,11.502001
22.32005,114.158158
51.687091,-0.221844
50.935031,1.812951
41.859029,2.767237
44.782882,-117.812306
49.161215,11.260581
47.413133,8.616919
45.34834,9.282206
52.363227,-1.945595
37.5447,-122.29011
40.32244,-74.4869
59.122085,9.707432
43.623536,-72.3258949
44.804582,-106.956345
46.784467,-92.10232
51.737666,-1.095778
47.782546,7.388462
50.643921,10.684882
48.08208,-1.684395
44.351871,8.565432
37.134167,-104.519352
48.754456,2.351036
35.461664,-97.65144
55.0078,-3.083018
55.507062,-3.694858
53.234675,13.986505
33.863556,-117.99074
37.702783,-121.925032
52.658124,8.169818
43.592633,-116.280653
51.871619,0.193886
44.835346,-0.681374
48.457062,10.030968
50.583875,3.088602
42.241125,-83.766522
51.440431,6.610193
39.00496,-78.337848
52.308911,13.444626
46.198035,-119.162687
35.108486,-106.612804
50.934371,11.289436
38.95778,-92.25275
35.622048,-105.205417
-34.755597,149.720984
40.226408,-74.093572
44.685971,10.851913
30.510908,-84.247841
44.292984,-105.526325
-36.12386,146.889963
44.989707,14.89947
46.892094,7.542931
51.096752,1.121336
43.74975,-87.74694
54.092811,13.085489
48.196679,14.526705
53.430511,-2.179501
61.005893,14.543578
39.600831,-110.831666
36.860525,-76.207467
50.059472,8.346059
38.696385,-119.548525
46.378836,-94.256378
46.009797,-92.93137
39.321865,-120.1621
42.597887,-114.455249
42.145542,-75.902081
45.402786,-122.294371
33.231373,-97.166412
44.46286,-73.179308
35.189016,-101.931467
22.337555,114.174162
52.994202,-2.290657
31.855989,-86.635765
58.827659,7.796338
47.524877,7.680341
30.790734,-81.663625
53.507179,11.097035
51.407268,5.479937
-35.002106,148.109934
22.27704,114.164391
47.282708,-1.549982
44.347885,-69.786042
53.104089,9.981917
50.796377,6.780047
53.618265,10.239104
47.3948,10.887553
35.531428,-82.604495
37.796979,-79.419007
43.510637,5.456429
49.459823,7.821513
41.045431,-75.312237
60.584991,9.984288
47.017089,4.836543
61.111599,25.928814
43.971602,-78.285397
26.108605,-80.252444
44.918953,4.878081
54.887466,-1.558245
44.28254,-85.40306
49.885799,-119.429277
45.884158,13.344976
28.766853,-96.978988
36.945693,-81.054651
38.211962,-85.67319
38.837573,-104.824889
63.716298,25.920103
62.516741,25.6913
48.627366,19.103482
39.1481,-123.208604
39.685291,141.127986
38.342928,140.837815
58.820408,9.074264
37.644519,-118.965499
40.588118,-75.560089
42.895248,-70.869299
36.835455,-119.91058
35.400105,-119.397796
45.38967,8.128911
30.266552,-89.760156
45.551212,10.787586
36.913695,-116.754463
45.785937,3.141488
45.56085,5.949646
55.388,11.3622
34.578345,133.769448
43.493819,-1.452564
-31.4361,152.823582
40.146204,-88.259828
39.443345,-87.331737
32.274159,-90.151048
49.770776,9.576252
46.863047,1.716028
51.036946,16.583294
38.533939,-118.62308
40.277134,-76.823255
33.52421,-117.152568
32.478594,-93.75437
48.785079,9.017713
43.209697,-79.600861
42.899615,-112.435248
44.656089,-111.099022
42.372085,12.471703
43.587366,16.576462
36.893583,-89.533986
18.934819,-99.192297
38.069801,-117.232243
40.891909,-72.426995
48.534041,7.702054
42.049602,-80.086345
51.477207,-2.706308
47.814441,12.367768
32.470885,-95.450473
43.485152,-112.05205
44.704537,-73.491829
33.514985,-82.04446
43.603659,7.011155
44.03563,-121.308473
33.129051,-95.603236
41.348503,-89.126115
40.7209,-111.888395
45.281273,-72.185744
39.393663,-74.562619
36.955196,-86.438854
43.979585,-75.954114
43.956416,10.194539
47.049393,2.344843
46.00101,-123.91683
49.388964,1.059818
48.925026,1.996508
52.38641,0.664606
50.88771,4.453051
40.753019,0.606421
36.572115,138.200325
43.802874,13.015345
44.870977,3.252918
49.16398,-0.424802
38.235578,-122.263886
45.5078959,-73.55897
49.120781,4.24261
56.673228,16.321408
49.119348,4.245689
43.328388,-73.679992
36.167631,-95.766044
22.287648,114.212233
53.105883,6.129539
34.840437,137.748006
49.521746,15.347476
39.542965,-0.451521
47.264861,11.428453
51.535351,-3.577637
56.024793,14.1174298
41.544226,13.511958
40.778885,-124.188383
44.964892,-92.961249
42.998817,-82.428935
32.374263,-99.007197
32.450591,-100.392455
44.957751,-124.010966
38.647199,-121.118344
60.312153,11.144888
45.345586,-80.006162
41.752393,-124.1944
44.775828,-68.734647
41.663959,0.605371
36.924902,-111.468041
-35.303955,139.501333
42.295745,-73.239226
32.496455,-92.055059
22.141222,113.5626
47.82017,-69.558776
38.038172,-1.149343
39.095382,-76.858319
37.940065,-91.801675
35.354643,-119.331607
41.680372,-91.591467
45.333611,-79.206703
28.521614,-98.185829
44.212532,-72.576462
64.76235,21.002864
41.802949,-88.370249
63.811159,20.250153
63.291735,18.706398
47.788035,-3.331263
32.35778,-88.671246
29.784665,-95.110612
43.864589,3.313277
57.97985,16.482407
41.016143,-76.492616
41.941893,-74.027428
43.463995,-110.794875
34.432426,-100.218676
41.599019,-93.806336
41.575888,-90.513526
38.316292,-88.955923
43.0619164826,141.3583369889
43.121858,-124.398943
37.554018,-2.613742
43.622061,-83.932241
47.948869,1.86831
47.559299,14.252501
27.493808,-97.844399
34.106319,-80.950723
37.109356,-121.017599
61.88317,8.267157
37.251836,-93.265534
33.525826,-86.807072
35.303584,136.691785
48.830877,2.678019
49.724901,-113.397189
35.66042,-88.855619
35.097801,-89.858957
44.042484,-71.66745
46.670356,0.362651
56.466428,-3.062962
41.116493,-101.709415
40.917396,-100.170592
44.973333,7.730113
33.775859,-117.872041
34.12046,-116.050953
22.316352,114.265416
46.310323,7.74971
41.0615,-73.836457
50.254594,19.046594
37.473828,-119.635893
37.838679,-120.23199
40.494024,-82.712896
60.467438,7.068209
52.400227,16.893054
36.307802,139.097401
59.836224,9.579221
22.44377,114.036864
33.459926,-94.077179
-32.787812,151.727704
47.804602,16.210543
45.411899,-94.054852
39.497944,-76.230931
49.648038,5.818803
45.584722,12.287137
45.265676,5.876448
31.947414,-102.141137
-28.749539,153.534722
51.478172,-0.515604
42.31227892,-3.704172224
53.6305,-2.692696
40.441566,-104.991324
41.361979,-75.676596
37.073405,-88.124752
40.270918,-103.622026
30.509233,-99.77456
40.860814,-96.679878
40.829973,-98.379822
44.632492,-112.591718
41.313192,-2.002201
30.706656,-101.195857
-37.534601,143.822503
51.774411,4.653324
25.06867,121.52126
50.124377,-120.751136
35.8323865688,139.7356276025
33.588451,130.497234
43.666446,7.127372
44.226199,5.913554
24.910732,54.962517
24.440819,54.618899
31.034271,-104.861435
44.918787,11.594051
-37.74754,175.23248
20.384501,-100.012926
52.650769,5.038917
40.771952,14.746048
36.070704,-115.172895
45.698042,4.975513
45.69848,4.977541
44.54244,-0.253972
42.216915,-121.75635
46.53324785,15.69936633
51.204042,-113.989658
52.084312,-0.748467
53.314145,-1.281904
39.134675,-2.039013
32.423784,35.949973
31.276439,36.054614
29.825562,35.332523
29.599721,35.027193
61.591747,9.722741
22.359281,114.108184
22.30488,114.161519
52.216065,-1.504796
49.787019,3.335626
35.611872,-106.031442
26.144547,-81.788834
43.511938,5.466433
31.8839,-106.58379
32.754659,-97.082823
34.785416,-86.942864
41.722171,-88.03744
42.34717,-71.081003
39.999842,-78.238697
36.59171,-82.261227
40.003569,-81.574967
38.354715,-81.642809
38.067294,-78.493075
41.88651,-87.61972
42.674008,-93.462779
53.486557,-113.515102
42.170757,-77.108063
41.263157,-110.985309
41.140779,-78.784927
29.697904,-97.099993
40.101817,-74.793363
25.456567,-80.474333
38.965729,-76.220938
33.787384,-89.849614
39.636287,-78.845731
42.766531,-84.514574
41.325125,-105.618099
27.555003,-99.49424
45.570344,-73.747582
39.689252,-123.483306
42.529592,-71.744201
46.730319,-71.26823
34.6614,-92.41031
30.331396,-82.961363
42.379388,-83.329535
39.562731,-104.873454
40.717153,-73.991869
43.957103,-86.376093
42.516588,-71.03219
47.846714,-122.271389
33.557392,-83.473885
43.119175,-89.319124
35.458629,-86.057393
40.780976,-73.980414
40.753356,-73.971685
42.013724,-71.23175
37.872884,-122.510535
43.867494,-79.285718
42.291857,-84.964097
26.198446,-98.259821
32.378977,-82.062649
25.76768,-80.192467
25.813933,-80.194551
46.390473,-105.82276
41.238119,-73.036133
45.004478,-93.228702
43.598406,-79.786219
43.588941,-79.642767
47.862572,-121.976585
36.585749,-121.898726
25.659054,-100.354133
46.116487,-74.57408
31.866196,-116.662089
39.57905,-79.953418
31.651793,-94.679625
49.237897,-124.054727
36.110515,-86.723904
42.303647,-71.394175
40.912547,-73.780488
39.61224,-76.00878
40.314129,-79.671387
41.107722,-73.546669
43.775977,-79.344475
44.025581,-116.942111
28.449796,-81.466107
41.796653,-69.985964
38.161838,-92.605664
44.028778,-88.592528
45.426387,-75.690794
44.574169,-80.912222
33.609937,-85.782118
33.741478,-116.409777
38.511445,-106.076212
40.849718,-74.351359
34.144942,-118.146714
34.242214,-111.322563
31.400343,-103.487007
39.961844,-75.172246
33.511837,-112.026803
43.846138,-79.072896
33.078651,-96.819634
45.464201,-73.8281
40.735082,-73.87067
35.835539,-78.643001
41.790874,-107.210254
40.182245,-122.22754
38.74431,-75.153308
37.52979,-77.353906
44.006337,-92.470924
43.028655,-77.440128
41.580815,-109.262137
42.049832,-87.994959
38.6378,-121.497172
48.401176,-71.062036
36.715623,-121.653963
25.613459,-100.846877
29.549102,-98.58109
34.084096,-117.299376
33.436793,-117.626864
36.989864,-121.380447
19.131853,-98.267274
37.339563,-121.90366
21.294528,-100.593546
35.265129,-120.676216
37.558395,-122.28434
37.928225,-122.514787
37.762806,-121.963391
34.439989,-119.753686
34.430977,-118.554099
36.979026,-122.013846
34.014763,-118.49364
27.386298,-82.464374
41.79915,-71.331034
48.071064,-123.074581
41.500545,-95.451628
43.661514,-94.732824
41.11549,-102.949669
43.527668,-96.790592
42.008864,-87.76335
47.468033,-121.716442
44.520573,-103.89107
42.522029,-82.90675
27.846096,-82.678125
41.068704,-73.545495
38.963432,-119.940516
35.706541,-81.294428
33.933824,-86.191611
37.984877,-121.336342
46.440506,-81.004739
37.37339,-122.032893
19.856342,-100.042983
34.158348,-118.823613
45.450169,-122.782724
41.721552,-83.509201
43.655596,-79.382963
41.538481,-73.421944
44.744688,-85.64404
46.26221,-72.876971
33.15524,-107.251642
49.038039,-123.082875
32.083995,-110.803381
38.131238,-122.223418
49.287778,-123.115489
43.99407,-102.24216
41.774509,-70.743851
38.915854,-77.067303
47.598476,-120.656055
41.80452,-72.562282
28.037013,-80.664151
41.201008,-80.455223
26.7819,-80.092779
39.01889,-80.417167
42.072517,-104.962663
33.800538,-98.196777
32.270148,-109.845989
34.240825,-77.829189
34.907278,-116.835467
40.963395,-73.854936
47.354676,13.385812
50.993345,5.242127
50.592323,5.848511
50.63137,5.577459
42.144727,24.768828
45.76711,16.233636
45.17588,18.063641
43.204105,17.373824
44.893555,15.184205
55.786395,9.667926
58.363137,24.560693
48.057681,4.96061
47.99147,5.51296
48.493409,-2.722584
46.496179,5.310394
43.121199,5.85086
50.167321,1.755505
43.332257,-0.358762
50.336704,3.455931
48.349419,2.607224
47.450332,15.317611
48.20577,15.618651
48.676461,16.622836
40.639822,22.940877
38.6584274286,23.0720852829
52.866848,-7.482092
52.757822,-8.408856
40.90688731,9.5159936
42.40983,14.201853
41.306389,15.899738
39.875989,16.065094
38.367069,15.869461
46.111616,11.091649
56.509886,27.333842
52.177652,5.912803
51.470106,6.05724
56.851444,24.333955
69.392448,20.268423
59.816851,6.752166
62.5203,6.916356
59.38753,10.751039
49.989898,14.490692
49.560857,17.262377
50.089177,22.04579
55.980608,36.451666
60.292086,29.811878
-36.235522,149.126794
57.023805,35.034981
58.52896,31.269588
56.324289,31.686521
44.710065,20.561113
39.791678,-5.695391
38.922231,-6.375038
22.307793,114.259783
40.29037,-3.69629
41.62576,-1.009628
36.295431,139.60492
39.006311,-3.383035
42.701175,-2.91944
35.652671,138.547128
41.515993,-4.943107
42.623488,-6.453124
22.190596,113.555955
42.153337,-78.747913
69.792427,20.939286
-38.692628,176.075996
60.129736,12.998112
-40.35845,175.614185
59.509437,11.822381
37.509215,127.06079
58.722096,11.34403
37.570693,126.981511
37.52526,126.925714
65.911639,22.65727
35.907022,128.613115
36.755149,127.224231
35.160676,129.163823
37.435072,127.818718
48.132129,17.108517
36.12882428,127.1296202
47.310734,7.934924
47.720985,8.646664
22.936091,120.221582
37.754288,32.177964
52.9486,-0.678092
51.481232,-1.556154
54.453346,-2.605861
51.076382,-0.8317
54.442048,-1.671239
50.286248,28.801379
50.12304,25.212942
49.969472,6.860973
37.782622,-121.228683
34.238115,-119.178084
32.90294,-117.194181
33.894227,-118.367407
35.174151,-111.663194
37.126463,-113.601737
45.15313,-122.881254
46.976918,-120.54162
47.116294,-118.368328
31.582287,-97.109152
32.068583,-96.448248
45.023716,-74.748123
43.111918,-80.738804
34.849109,-117.085442
37.02445,-121.56535
40.195539,-74.641375
36.254143,-120.23792
34.667629,-79.002343
50.202872,11.776552
39.6635,-75.69017
49.7369,-123.1346
34.98737,-118.946272
38.366645,-121.958136
38.62924,-77.28939
39.319501,-120.155831
35.65951,139.72853
33.741291,-116.215029
53.339515,-2.569358
35.610678,-115.388014
33.931316,-116.820082
35.068595,-118.174576
41.998407,2.817277
33.70275,-117.934297
39.489732,-119.794179
31.312424,-92.446436
22.324074,114.20381
49.648038,5.818803
33.704386,-78.925179
46.976679,-123.813485
41.310222,-122.31731
34.311537,-88.700841
53.7839766,-1.5339451
52.21917,-1.501274
48.057341,4.959604
48.212441,-122.183491
61.103661,5.513039
-27.451699,153.040473
42.68869,-73.853254
50.643682,-4.284655
41.134294,1.1683
51.656236,-2.434815
44.53628,-88.077716
-34.927555,138.595225
37.256691,-4.986075
21.729665,-102.277536
24.246249,55.716056
39.538678,-2.254568
44.92725069,8.625925227
58.631861,6.077764
28.665051,-81.381411
41.664181,-93.46561
40.499154,-78.390938
51.484299,-1.55755
49.863496,2.278154
33.86675,-117.747716
42.358932,1.462817
40.437587,32.416524
38.980062,-76.540338
36.957588,30.60714
51.268129,4.40238
38.887369,-77.092363
39.204837,-106.858507
38.03502755,23.79099382
33.848756,-84.36434
34.075818,-84.652184
33.846487,-84.360172
42.706976,-83.288944
30.329275,-97.706259
25.959456,-80.143016
48.568171,-1.543283
37.818957,27.842558
38.143036,-3.722849
35.262655,-116.08074
35.094359,-119.040751
39.650623,27.889348
39.29045564,-76.61315673
41.498096,2.072692
45.123741,-67.348038
39.759444,-74.253456
37.846831,-81.196008
40.913875,-77.738413
44.187864,-77.398877
38.970201,-76.937563
36.254582,-94.153552
62.83203,10.00964
40.265925,-94.015682
39.050207,-77.1163
46.832967,-100.807173
46.185322,-82.926876
39.165311,-86.579114
44.840754,-93.29828
26.368288,-80.12889
42.344903,-71.09933
42.3255,-71.0633
40.020289,-105.257022
41.546756,-8.428931
42.223016,-71.022958
47.865293,11.790743
51.5765157,4.729773
47.48848,9.739919
30.178951,-96.907021
45.532187,10.165037
52.167178,4.989068
40.655365,-74.52935
-36.587007,146.759301
50.833243,-0.143206
44.589575,-75.684302
31.248212,-90.471308
40.669936,-73.963069
40.721853,-73.956658
45.442023,-73.440894
49.1384,8.56233
51.16987,3.19676
46.912724,8.622726
44.478241,26.103349
42.90768,-78.76212
34.061756,-83.994375
-33.319605,115.717682
37.340546,127.106848
34.184915,-118.311702
42.504996,-71.195863
49.26789891,-123.00274854
40.261878,28.923953
34.138825,-118.65909
42.3685,-71.0762
43.408785,-80.325434
37.230356,-121.979198
-35.294304,149.190322
21.013013,-86.855376
39.088405,-74.821792
33.084093,-117.266324
42.082112,13.060424
42.84672,-106.21456
38.392402,-8.51382
30.5257275,-97.819378
28.331278,-81.53247
33.864724,-118.091532
43.803197,-99.383371
32.872547,-80.015385
49.736834,4.744095
49.252931,3.975959
46.6243313,7.0349921
39.885189,-75.00344
41.869126,-87.639971
41.908065,-87.646836
41.937552,-87.644709
39.726617,-121.802832
17.514723,-99.482739
-43.52642,172.628965
32.64921,-116.967639
52.875155,18.774871
43.820391,-84.766717
-33.8485,138.618157
35.523747,-93.863577
36.449452,-103.18196
41.825379,-73.770409
34.404671,-103.205344
39.361344,-101.054067
30.627819,-96.334816
32.53353,-84.971368
39.974322,-83.000802
37.969792,-122.058611
43.82729,-79.538883
39.635599,-8.688311
36.155817,-85.515186
33.826525,-117.515537
37.324431,-122.009041
43.767154,-103.59432
36.423696,127.419877
32.867759,-96.767184
37.673992,-122.471969
41.379441,-73.477961
26.455624,-80.190377
32.28138,-107.760286
39.567205,-104.877979
30.211676,-85.849298
42.331715,-83.046206
46.90119,-102.790731
36.018436,-87.333018
39.195256,-75.54727
33.953385,-118.112905
-32.24995,148.609182
40.093177,-83.092304
42.487579,-90.664071
35.84359,-78.886368
41.687897,26.589357
47.168758,-67.918038
39.26857,-76.668737
47.189262,-120.902714
37.840281,-122.294041
38.414344,-96.21673
44.926717,-63.536376
45.75009356,-87.08515635
46.286494,-81.775164
40.38382,-105.519754
38.64558,-8.247917
43.613938,-79.55414
38.261782,-122.052399
41.617554,-70.488139
46.843599,-96.881833
37.0975,-7.997944
49.504002,-115.063899
43.810258,11.17798
39.9576,-86.016125
51.296116,-0.857413
34.190271,-79.832615
34.151104,-117.47141
33.698936,-84.173176
47.942921,-124.385236
26.60777,-81.809942
30.905995,-102.884623
41.138488,-85.163426
32.758363,-97.353521
39.384697,-77.405499
45.851693,-66.560627
43.858834,-70.104067
48.227482,7.753892
37.544293,-121.984002
36.850298,-119.791291
47.418125,8.396816
59.939338,17.65612
29.624414,-82.376777
38.814873,-77.643702
39.118193,-77.20231
37.52541809,127.0288703
37.80534,128.904599
33.744878,-118.013011
45.476619,-75.701171
25.756565,-99.377525
-44.354472,171.238889
34.145132,-118.257249
47.127037,-104.694466
42.0771634,-87.860828
33.394208,-110.786298
-28.035361,153.427306
51.839079,5.09062
35.2997222,138.9383139
37.661945,126.750771
37.181746,-3.928561
47.888156,-97.081138
42.460931,-123.324124
35.150593,-107.85
32.943473,-97.133848
45.025653,-84.722194
47.071295,15.577911
47.4941836,-111.2833449
36.05946,-79.908323
42.789258,11.115675
40.5594249,-7.2329302
35.1477821,126.8375518
-26.188745,152.661613
47.633253,17.661003
56.501482,12.957552
40.193806,-74.594546
43.216698,-79.86401
24.819503,56.134411
31.322641,-89.382011
37.667211,-122.120366
46.618175,-112.007589
40.751121,30.699841
34.424815,-117.385845
42.561599,-113.790259
40.779854,-73.450709
34.372844,132.404382
55.64006,11.830555
56.122406,9.173014
49.363935,-121.478798
29.736015,-95.538386
29.774641,-95.821811
24.779648,121.005277
23.992627,121.627654
61.714854,17.042692
42.033344,0.104199
33.659492,-117.998914
38.410951,-82.487125
39.765443,-86.161222
57.189774,-3.836206
40.804844,-73.180149
40.870375,29.395797
32.194964,-96.898765
42.428603,-76.509016
38.417137,27.130529
30.265705,-81.6166
62.417129,22.791986
43.528816,21.709413
46.88473,-98.719481
37.5132356,127.1024178
33.249844,126.409044
40.721595,-74.040469
63.829282,23.148487
39.246302,-94.644925
22.604109,120.301928
45.512682,15.546911
54.942128,24.006327
-36.099082,140.355645
43.4095,-70.558523
47.175529,7.598728
38.730424,-120.787998
35.435631,139.924555
34.7153663,135.25529384
34.986112,135.752512
45.652265,-74.339845
42.608938,-88.407959
28.097815,-81.974737
39.910429,-76.700866
61.05269,28.261175
35.970888,-114.910711
44.202799,-0.92682
52.160832,4.54932
46.889368,-1.032994
45.86723,1.270344
34.04753,-118.264429
43.03653,-7.568994
45.772232,-84.726425
36.580783,-4.595893
34.037333,-118.686056
33.9013,-118.3938
45.0724642,-93.4557877
56.444825,13.603916
23.721462,-100.607074
45.60954,-68.522863
38.507459,-90.329069
-37.765834,144.923586
41.468657,-87.343363
19.376999,-99.253381
25.791386,-80.134074
24.462022,120.759966
37.434659,-121.891445
33.557287,-117.668031
46.049998,-65.061272
44.67524367,4.7955284
46.378453,2.586523
43.609255,3.87622
38.481363,-107.87662
41.31032,-122.315934
46.460577,16.906868
50.486021,4.797235
-36.223136,150.128346
41.370955,-72.119373
37.114465,-76.497198
37.87894306,139.06062177
58.622734,16.153979
37.794181,-122.272388
38.912126,-94.795614
-44.484457,169.971207
42.447913,-75.048911
43.929099,-80.098174
34.606457,-118.150932
37.459637,-122.137653
42.81325,-1.645256
19.841735,-101.025169
39.263087,-81.544872
26.007326,-80.348783
45.152424,0.789938
33.667055,-112.120898
33.623538,-111.922986
45.039342,9.753848
40.456225,-79.93434
33.976901,-118.417884
35.993182,-75.651504
40.141072,-82.988946
43.664439,-70.269546
40.439674,-74.504514
49.169479,-123.138016
37.91989,-122.348601
33.981266,-117.376165
43.31064,-70.99342
41.930457,-74.908814
41.975263,-87.866046
43.617818,-72.957029
45.417459,-65.94386
45.894072,-74.157973
46.05841,-72.313145
44.938943,-122.987909
45.951545,6.62879
37.503005,-122.24544
37.781445,-122.421319
41.410005,-82.663187
38.459409,-122.730226
42.910214,-8.493239
46.538211,-84.316643
47.706729,-122.327754
34.77556,-111.76393
47.929278,13.501932
37.403642,127.109051
37.545887,127.038644
37.391485,-6.009627
41.426978,-82.076353
34.272092,-118.797297
-32.447359,150.83232
38.180856,128.611593
42.390584,-71.086001
37.37867759,126.6627964
38.291627,-122.452213
37.655559,-122.401558
47.590147,-117.561816
39.76863,-94.801966
44.954444,-93.154917
63.310045,12.109286
59.658117,17.077109
41.343305,-81.824915
29.561606,-95.695317
40.717735,-74.329331
42.967072,-83.829044
-33.882995,151.194332
47.314888,-122.31487
-39.809734,175.788235
28.013251,-82.735903
27.937128,-82.481121
-31.101649,150.917126
34.200885,134.624305
35.642064,139.803477
39.9418,-74.21245
-27.578133,151.947179
43.6329924146,-79.4117376542
48.293229,4.130685
45.871365,-64.280266
36.05850033,140.061135
33.711105,-117.816646
40.717522,-73.997302
40.664127,-73.7251
41.94025,-7.43495
45.50845,11.626019
48.456361,-123.376423
43.413832,6.451177
41.503392,-7.80134
37.8952,-122.061872
38.922189,-76.953047
41.53713,-73.005613
50.708041,4.598293
39.193617,-84.65921
37.66375,127.00871
45.624303,-70.25154
41.094668,-73.958628
-35.725279,174.318632
50.117555,-122.944756
53.169567,6.852949
43.69811,-71.640125
46.122936,-67.606398
32.3358428,111.71644278
37.264011,126.996636
37.539341,126.997137
39.147922,-121.647839
44.114082,15.407112
22.333442,114.19689
37.367264,-77.416961
60.372334,6.141234
47.165186,9.507766
52.99296,-2.290314
59.761249,9.905515
39.48533,-77.95681
22.396244,113.974016
40.23345,-77.119076
59.561444,7.356644
52.67744,-2.399171
50.921483,4.032789
44.931179,-89.662175
40.613216,-80.100066
51.094988,4.011808
-36.752887,145.573418
35.009458,-78.822461
35.987304,-119.961818
59.490326,10.294542
38.760227,-78.63121
22.290926,113.9431
55.934616,-3.403841
60.658184,6.436238
44.410803,-79.709357
-30.281439,153.131666
59.112402,10.108727
57.814044,13.418968
60.489054,26.554835
47.435862,-70.506317
50.847768,-0.991083
52.727405,5.764609
1.3007,103.83978
45.723296,-73.618624
21.000631,-101.508116
45.30471,-75.081805
42.900046,-87.913745
50.805634,3.27446
45.625725,-122.675873
40.727344,-74.039834
43.155334,-86.202959
27.965335,-82.402003
43.689751,-85.515625
52.266766,12.922528
51.796249,5.254964
53.932341,-6.417714
53.924255,-6.411654
33.698633,-117.348704
22.381727,114.188806
57.109822,-2.0933548
38.225925,-77.506129
43.89258,8.039121
48.754865,2.373034
35.18822,136.904113
32.325618,-110.931033
51.526464,-0.283207
45.954138,8.950789
42.338748,-72.609253
41.766493,-72.674129
37.756611,-122.249282
33.917081,-83.452989
43.326276,-79.822231
39.971892,-86.15263
39.817478,-75.457259
38.581244,-121.500898
39.250792,-119.948953
47.548081,-122.039955
38.774366,-77.177538
34.756268,-77.947684
46.515263,8.67061
47.234539,5.901153
60.193018,5.465142
60.381223,9.609859
57.858276,11.997905
58.236758,8.298786
52.404698,-4.064559
41.081195,-81.518841
45.518668,6.482533
34.071317,-84.27505
62.557776,7.685321
45.69444,0.178841
37.96276,-121.737539
60.421924,5.46703
52.329339,4.784994
44.532615,-68.411426
40.725286,-73.245058
40.863231,-73.828839
42.007749,-5.663257
-36.774539,144.306478
44.424704,-70.797054
36.226894,-121.761368
37.36063,-118.396576
45.03922,-79.30821
43.731538,-79.761997
38.6268592,-90.344228
40.002139,-75.081694
60.878539,10.929584
48.990144,1.671559
43.57265,-119.074361
49.323835,-117.659568
37.5516008,15.0668503
44.243081,12.081431
48.44104,1.48315
39.35835,-82.977306
34.002241,-117.731178
28.552813,-80.84066
39.544084,-105.289877
46.435592,12.222879
49.09552,-116.513697
36.909503,126.6940747
52.048276,4.349078
39.833479,-75.097916
37.67163,-85.84551
53.406138,-6.838194
42.05036,-87.685634
41.725337,-87.683546
53.698599,-1.265539
40.761015,-73.829777
40.683715,-73.974337
52.168184,0.109099
59.365814,13.145283
35.937086,126.855631
39.153255,-76.74378
56.783309,9.690891
39.741722,-105.518318
36.692378,-6.160246
41.525,-88.0817
36.5987643772,136.6242858637
44.172322,-81.616349
37.3957630604,140.332751033
61.064746,7.510429
37.150601,-8.364433
44.2949886,-74.0108916
39.089761,-77.526638
37.700342,-121.840938
68.49324692,16.70001239
40.443856,-3.691665
41.088863,-74.143201
50.483878,5.700335
42.395459,-71.595021
46.55197759,-87.47023048
-26.654159,153.087171
44.970509,-93.446701
45.32157,-75.835377
42.024304,-73.322776
42.107547,-87.802407
38.335434,-75.10524
26.174423,-80.856205
34.441909,-119.259231
39.890125,8.5997038
49.031661,-119.466869
41.144026,-73.861257
39.020074,-94.661193
29.476293,-81.206367
33.82533,-116.547843
44.908464,-76.266222
44.283163,-78.333186
-45.026352,168.743478
42.398457,-71.000222
37.289541,-80.079404
38.347624,-122.720957
39.373861,-76.443119
40.908505,-74.55736
50.562501,7.525532
32.768391,-117.163314
37.244614,-121.891112
33.9304,-84.3733
45.43372,-71.869628
44.779885,-69.726954
46.164535,9.677329
44.936292,-93.348112
38.133369,-79.043478
65.092586,17.107774
40.430917,-120.657908
-37.705295,176.154361
46.134423,13.186089
28.555349,-81.199006
50.355755,9.75453
36.915621,-121.773048
39.155648,-122.149301
28.552169,-81.584007
51.428333,-0.898835
38.671345,-121.723886
49.778588,10.068878
49.4307525,0.274210158
34.825893,-82.306952
25.766875,-80.194524
19.551381,-99.272954
51.17715,-1.756453
22.28364,114.15089
-36.8586674,174.752072
43.41103,-70.56076
33.934471,-118.121217
43.850229,-79.353535
22.770315,121.122457
34.184617,-118.890892
29.867201,-95.537839
37.39301,126.96228
21.232622,-104.924993
35.1802627,128.1397201
36.515931,128.1634319
49.19156,-122.84908
22.243673,120.663738
22.50271,114.12782
30.06027,-81.514067
33.481657,-82.130253
37.25845,-121.871401
32.89715,-83.689132
39.162578,-84.426532
43.018222,-85.723981
50.115255,7.598117
61.243354,10.434287
35.524635,127.75314
41.623235,-3.687739
22.235273,114.198504
33.02002,-117.12639
39.821606,-75.240969
37.321909,-121.949106
24.183497,120.615073
37.321981,-121.948644
33.623202,-111.930557
38.785033,-77.014435
27.791411,-82.332817
52.022778,4.684873
52.061035,5.205139
25.008094,121.474834
48.281256,7.777663
56.386037,-3.47947
-33.41901,149.586756
31.13140735,121.40009915
51.151101,4.43271
37.700246,-121.908226
47.534597,12.092972
39.877502,-74.918512
39.950751,-86.343816
49.282005,-123.120232
25.764698,-80.194289
38.764651,-90.493732
38.256618,-122.065062
37.798185,-122.448715
48.887933,14.436329
43.423964,5.99017
42.303821,9.158317
48.826752,2.118612
53.879285,11.454002
51.191119,6.936912
49.902277,7.929573
53.943943,13.396739
46.274868,20.1024638
65.144643,-21.084906
53.299657,-8.745915
51.886592,-8.39677
45.511492,9.634821
45.51068385,9.6361734
41.815887,12.400806
45.0587584,7.6125538
60.932103,11.675676
59.617769,11.00302
63.734517,11.281552
66.307374,14.152668
59.035933,9.67402
61.575358,6.483264
40.373063,-8.480547
65.589922,19.184091
60.478804,15.438655
67.44096,21.11529
51.88071,0.788574
55.835905,-3.984377
57.481723,-4.225422
51.690468,-0.412787
43.2672103,-2.9358644
38.727005,-9.138757
48.873733,2.294999
65.25932,-14.406476
43.356526,-4.094394
46.555642,6.561004
-34.808254,150.636711
-33.310177,151.420578
22.321232,114.209787
25.053882,121.287919
50.929973,1.813182
42.183306,11.788161
36.116648,-115.168277
40.424158,-74.379906
47.610024,-122.332078
41.290501,-73.832487
36.458854,-80.636672
36.329091,-78.44779
45.019569,-93.325799
40.707998,-73.866983
36.168822,-115.286631
39.951387,-75.158569
37.77486,-121.97985
53.028842,8.807035
24.15162,120.664184
22.41068,114.211468
30.389267,-97.73974
43.657558,-93.318197
37.525919,-122.006513
42.843671,-85.862482
42.843671,-85.862482
37.413524,-121.898362
66.39067,16.964868
51.959482,6.021093
52.308658,5.140926
24.985198,121.540048
47.581808,19.162384
47.43949,18.889644
61.168436,22.680099
33.673024,-117.844587
47.29799,-122.248532
35.504972,-78.325441
48.937845,-122.667679
33.679646,-117.174147
41.442795,-74.377247
22.291527,114.207463
35.969454,-112.127708
37.441734,-122.170202
37.156369,-121.653476
26.081812,-97.161236
51.124129,71.431327
35.069256,-80.842023
38.297148,-122.302474
33.918134,-118.353235
37.423395,-122.198224
33.601995,-114.522011
29.519144,-95.121974
59.808914,10.299461
60.697258,8.953551
40.90755,-74.397715
37.563265,126.803108
60.248841,11.743848
49.138365,16.63069
47.540955,21.5845038
48.058188,20.799288
43.218333,76.927778
48.591881,-85.272325
46.33226,-79.470873
49.416446,-91.659839
49.017617,-88.307553
48.783022,-87.099836
35.21939179,128.9883314
35.14827862,129.0654386
37.68645135,127.4936297
37.54555075,127.2236823
47.983312,-84.779863
46.099683,-77.499963
52.216416,-113.815797
51.038196,-113.378637
50.791326,-112.450721
49.997058,-110.647425
49.908293,-109.472434
50.306262,-107.779848
50.404331,-105.534081
51.273079,-105.993871
50.442534,-104.532003
50.334755,-102.256302
49.868063,-99.96067
49.971925,-98.318733
49.8821,-97.197283
49.649391,-95.792114
49.759447,-94.473103
49.785605,-92.809966
49.041832,-90.46867
48.381055,-89.312274
52.9929,6.52447
37.499873,127.032354
68.450191,22.481432
43.727823,7.186348
53.27179,-6.21983
69.961152,23.232674
67.2813,14.4211
60.34729,10.57464
69.47191,25.509351
69.020372,23.048635
70.432146,24.505947
68.233132,14.559828
70.171704,28.555826
59.31478,14.147392
58.677207,13.814598
59.328044,17.016232
57.414929,15.090327
51.545559,-0.474257
25.128312,121.498416
37.191169,127.096183
-27.469754,153.02512
-33.777782,151.12275
36.639154,-120.625877
37.694635,-121.064213
35.645545,-120.660144
38.533667,-121.496108
37.618958,-122.440661
36.429978,-121.334654
36.448917,-119.486685
29.183087,-81.078989
26.317396,-80.119858
27.640419,-80.51272
42.169081,-87.922739
41.529301,-87.709496
41.673831,-86.891275
39.868129,-84.887263
38.998879,-84.626571
38.299305,-85.555731
42.32218,-71.17228
39.274721,-76.563948
38.759287,-76.061623
39.7182022,-91.39240262
40.779437,-74.023567
43.665428,-73.784215
41.52674,-73.89449
40.7143965,-74.0164439
40.1873,-80.2294
44.88918181,-97.09440253
39.009092,-77.502241
38.913097,-77.486426
38.902531,-77.203257
37.271757,-78.401649
38.948668,-77.339832
28.63063607,-106.12101825
20.653596,-105.225244
20.809019,-102.776522
22.520146,-100.663805
65.697337,-18.139006
49.054815,19.579253
47.728372,11.361923
23.496359,120.38775
62.034484,14.366261
51.502543,-3.1e-5
51.720357,5.333276
34.757218,135.461799
49.273751,8.69533
51.379531,21.125448
52.207854,21.029565
48.518278,11.562305
36.76644,-108.144956
32.463365,-97.264916
33.805025,-117.88263
18.405503,-66.106216
41.147897,-73.255484
39.528639,-119.815325
41.146469,-73.257238
40.527032,-74.231204
33.914502,-112.143564
47.103808,-119.310556
28.345501,-81.604193
39.086198,-77.150774
25.748193,-80.307917
41.29042,-72.58084
41.291179,-72.578087
37.047742,-122.028092
42.969313,-76.847523
41.143856,-80.157427
37.324963,-79.190054
38.346154,-78.286033
41.527698,-72.774199
30.265659,-91.99363
38.768299,-121.263596
38.887481,-77.092956
33.938657,-117.282498
39.937074,-74.970052
45.850448,-95.389237
40.47528,-86.09943
41.232761,-77.019517
58.971301,9.513025
39.914897,-104.985596
40.688883,-73.406437
40.052249,-76.255562
24.807405,121.036283
51.522884,-2.609229
49.059056,-122.377021
32.690622,-113.953578
46.952938,-122.935249
45.659583,-122.583536
42.917334,-81.208558
29.666298,-98.633279
37.837493,-122.295505
38.089474,-122.551745
-37.828482,145.056346
50.220101,18.990296
43.461251,-80.472322
26.120873,-80.177153
43.116828,-79.124508
65.841627,13.187939
29.598463,-98.276041
40.752202,-87.996464
28.950084,-81.250567
22.26237,114.130487
34.428831,-119.873382
37.796024,-121.19773
35.700001,-114.476495
37.746162,-122.195179
40.125289,-74.96407
46.143261,-122.898533
37.898447,-122.308938
41.676617,-70.307105
25.693542,-80.304684
32.270504,-81.081017
35.136647,-120.628705
33.860439,-117.995611
52.644021,-2.058587
40.238574,-74.227693
51.7501215,0.5106861
45.260742,-111.306047
33.9228,-116.9519
35.160978,136.984072
41.998752,-87.888342
37.898635,-122.300672
25.02059,121.543246
22.989876,120.20088
47.767687,-122.191482
52.204703,6.016104
52.547541,4.722741
38.895145,-77.273766
38.409356,-121.391
38.32447701,21.86919372
51.480275,3.636485
64.117994,-21.899666
52.644065,-2.054251
40.059614,-106.387987
37.399071,-122.111216
50.655257,-120.368307
31.245945,-81.501682
31.245945,-81.501682
22.293416,114.267912
52.471144,-1.873503
40.662915,-74.17379
52.202366,-0.291631
-27.408788,153.061175
25.067286,121.577015
37.4665,-121.174442
37.300233,-121.824873
60.969163,9.29164
25.074782,121.637977
28.916749,-81.922594
36.042359,-86.777834
22.657031,120.314688
36.166026,-115.158991
35.188372,129.110238
52.480891,13.355927
50.133641,8.561038
37.395486,-121.94524
35.26058,-77.649684
34.033065,-118.240294
30.307235,-81.847924
42.180949,-73.364744
39.954889,-105.164646
33.46293,-117.60813
40.32244,-74.4869
27.416831,-80.381893
51.1348497,-0.1898939
33.922601,-118.322054
39.971977,-104.748624
52.144022,5.416976
51.671308,5.60267
56.821427,-5.10372
39.914837,-104.986563
30.81734,-83.32082
60.410401,7.325072
38.869525,-121.303081
39.843995,-77.198628
22.290383,113.940101
41.788303,-72.65546
41.769111,-88.208052
47.042158,-122.833946
39.794553,-75.469448
42.347999,-122.878817
32.153381,-80.768104
45.538525,-122.866136
40.911877,-72.353105
37.417306,-121.956825
33.991758,-117.927985
48.625604,12.320251
39.64591144,-106.0800734
37.324798,-122.036974
37.502176,-121.967456
32.819686,-117.179721
22.262361,114.130851
47.272037,8.437791
38.671345,-121.723886
40.415938,-74.444713
33.748783,-117.865797
47.271211,8.439433
22.396887,113.968827
37.001203,-121.554056
50.889864,11.871398
51.852568,0.522422
-36.913248,174.841384
33.97887457,-84.21511655
33.689788,-117.769036
47.606601,-122.337495
48.694399,21.235726
49.982399,10.555616
46.573233,-1.11793
41.036062,-71.943509
40.923424,-72.703538
37.190626,-77.366349
35.800165,-80.288557
47.662554,-122.37504
39.88318,-75.5342
40.157732,-74.430077
37.944971,-122.523121
36.329342,-121.24552
34.03588,-118.683845
51.899517,4.982968
66.605687,19.824764
59.602856,10.741187
45.561386,9.055946
59.56683,9.218931
48.282587,12.55474
-29.427083,153.239167
37.266316,-76.676871
22.362179,114.102918
51.69554,7.967128
47.684802,-120.206922
45.593132,5.898176
33.57155571,133.5549597
49.457962,-120.506183
51.09656,-115.35776
33.68459,-117.851932
39.6088,-77.75032
35.386459,-77.948452
41.101277,-114.956743
37.606299,-113.161244
40.965512,-72.189662
48.16871,16.34863
48.247238,16.46446
47.27325,11.475357
50.846873,4.353091
42.657812,23.313741
49.725188,13.326051
56.156405,10.182556
55.681154,12.585675
55.511209,8.502517
67.80486,24.800958
62.820618,27.60763
65.026823,25.506882
62.2426,25.7473
60.169921,24.93832
47.61187586,1.33932151
44.79377597,-0.53318556
45.820338,4.760218
48.784078,2.220945
45.748598,4.830287
42.775341,2.908312
43.64609028,1.368430202
47.24578994,2.0690831
49.009524,2.528374
48.079413,7.356125
49.035391,2.164929
45.438699,4.38934
43.557992,1.492266
51.495032,7.284958
48.039651,11.661214
49.544121,11.02872
50.917924,6.83319
53.56463,9.89954
52.26802,7.96313
50.9216,6.99762
51.485683,6.88661
50.497509,12.170172
53.845951,9.93615
53.38086,10.01762
49.4759,8.32811
52.52728,13.44462
51.4907286,9.012613
48.999043,8.428747
52.31319,10.635044
51.20777,6.379
47.7223062,10.3497377
52.50598,13.36838
52.73809,9.66786
50.188622,9.186174
52.170715,11.484837
51.401587,12.181375
48.956078,9.245435
48.79306,8.1609
49.669939,8.591573
48.02411,7.78403
48.7620129,11.4644466
47.61936,12.20241
48.6395398,9.4361119
49.75065,9.8433
49.00094,12.04836
47.817073,12.120631
50.81373,7.107211
49.896799,8.614137
49.840015,8.143658
64.145035,-21.854627
64.250138,-15.205464
63.788881,-18.051916
32.789368,34.964619
32.073846,34.792311
31.242915,34.813491
29.56752,34.959622
52.235476,5.230129
51.54318356,5.1119267
50.849172,5.688576
51.867896,4.553864
51.280991,5.754619
52.287203,6.773114
62.739444,7.199849
60.463764,5.323797
60.800837,10.691735
59.915991,10.741252
59.206519,9.609239
58.970318,5.730974
67.928184,13.083605
60.878193,6.841071
70.999624,25.967305
66.8731,13.706087
59.179684,10.209182
63.441775,10.457203
60.635517,6.451795
61.316218,12.259995
58.77191,5.84684
60.394994,5.325213
61.453994,10.189207
59.018794,8.52385
60.079494,11.149492
59.928498,10.955379
54.3495248,18.5155897
52.28511,20.98747
45.75518591,21.23311206
44.823652,24.909903
45.775605,24.170669
48.8638,18.0235
36.752466,-2.805366
40.519814,-3.656953
41.38932,2.13371
58.435446,15.590899
57.168101,12.275345
57.7727,14.199826
64.261395,16.417788
55.434016,13.839907
59.328604,18.058839
58.945698,11.193538
61.294907,17.020982
68.407105,18.676554
62.53736,15.918926
60.685332,13.713537
59.273907,15.207358
57.711521,11.972328
56.062592,12.710341
59.260742,18.099418
47.451845,8.704485
47.0492,8.29552
47.18636,8.86149
47.4081557,9.3043631
46.287698,6.145493
46.01528,8.94147
24.475134,54.364783
25.791492,55.966309
25.116742,55.202845
53.23214,-3.142146
52.409547,-1.250857
53.791921,-1.426603
51.531452,-3.140042
50.400611,-4.135859
51.4365,-0.977967
52.73526,0.41388
54.603846,-5.923678
51.481431,-0.453013
53.466863,-2.353975
51.547247,-0.008114
51.016858,-3.029085
50.716607,-3.46363
51.72959,-1.24876
52.962947,-2.196584
-38.065192,144.382451
-27.497084,152.975153
-38.341111,143.593037
-38.173042,146.259109
-31.951102,115.859949
-37.210038,145.426132
-38.234305,145.051085
-33.89338,151.237202
-37.81847,145.176015
-25.236212,152.274658
-34.428085,150.893459
-33.857381,151.070545
-37.817276,144.959337
22.44468,113.98386
22.34603,114.18113
22.40538,114.10907
22.40681,114.21685
22.184363,113.543531
-41.22502,174.808327
-39.621693,176.889939
37.62986,126.7909
37.503216,127.04162
37.24025174,127.61378264
37.293423,127.070231
37.5247674,126.7512844
35.9229,128.63571
36.34076,127.38949
37.513534,127.106174
37.5604,127.0386
37.13485,126.895718
37.41917204,126.8821175
34.96316,127.52554
36.9422,127.43131
35.1547501,126.931922
36.66529,127.4993
37.57316499,127.1281645
37.47984,126.8953
37.6545477,127.0550077
37.225226,127.121328
37.375635,127.00947
35.1809949,126.8208652
23.13626984,120.3072705
23.77718662,120.4773464
1.34165994,103.9469189
-37.828776,147.617164
-38.381298,142.51926
39.46559,-76.31103
34.377887,-84.91571
34.582852,-117.409546
18.43941429,-67.13209925
40.574905,-75.556037
41.495392,-120.559776
42.858286,-70.929951
35.899433,-79.946479
34.12249,-93.057115
35.126387,-120.596517
34.985735,-118.943854
35.58424,-82.523956
38.926331,-121.058145
30.2472116,-97.750005
30.162883,-97.792096
30.233412,-97.79311
45.084215,-77.861457
38.61989,-77.80024
45.314682,-73.878534
33.977786,-118.188596
47.611048,-122.202181
47.492211,-94.90707
42.08208205,-86.42378784
46.083566,-73.184906
35.928485,-89.908006
45.6257086,-73.8510292
39.006609,-76.77872
33.914603,-117.883758
37.946857,-121.739623
41.397407,-73.617291
40.593613,-74.609235
34.904944,-91.200032
40.603796,-74.0191
25.950715,-97.487634
50.811028,-121.325075
51.044826,-114.071515
38.30253,-76.52266
48.007378,-66.672172
40.744734,-73.616176
33.12482,-117.319244
41.331723,-74.121295
38.1321,-78.43472
46.25851,-63.180886
42.156766,-71.96292
38.99492,-77.077184
41.92780291,-87.68588061
36.836997,-119.699077
36.29657,-120.2673119
36.095,-79.994693
44.508279,-80.238136
38.67336477,-90.01353573
40.93381498,-75.10115682
34.007148,-118.149783
38.9898343,-93.56678814
37.972834,-120.653296
49.2343,-122.862302
33.687478,-117.89885
40.514147,-107.53879
49.524887,-115.752481
30.733783,-86.566653
28.899202,-82.586671
25.598316,-80.371655
37.409865,-79.912855
28.258638,-81.59004
26.092163,-80.249692
38.542542,-121.725807
33.793196,-96.554995
39.7175888,-104.905923
40.20291197,-76.01592767
30.458949,-88.893332
31.223426,-85.390821
33.726886,-84.73577
40.300083,-75.126988
40.526372,-111.88603
37.702058,-121.852932
32.539948,-82.904538
24.047585,-104.624545
35.953056,-78.991028
41.09329874,-88.44210261
33.706792,-117.785223
33.65855,-84.500926
33.97597,-117.55686
38.93635,-76.56766
53.58557,-116.420913
32.792052,-115.562596
37.674726,-119.784338
40.12197695,-75.77565861
41.01038506,-87.27656344
38.84626,-77.306611
41.21908,-73.256077
44.65037,-70.150196
40.504948,-74.851643
39.421141,-123.807353
42.090421,-71.424898
48.831931,-64.486106
30.63325,-97.677985
43.135387,-87.935914
42.615841,-70.662686
43.743115,-81.713293
32.941925,-97.065857
40.885957,-74.045403
40.5646162,-76.00745356
41.369606,-72.919997
40.178194,-74.629639
38.42964,-78.85657
38.1597346,-87.55195
40.806913,-73.238541
35.439828,-95.981907
42.19115552,-87.82639
34.135162,-117.195175
21.38325,-157.941139
45.709601,-121.534627
29.736983,-95.46465
41.74707837,-85.32780009
40.203628,-79.562873
33.994487,-117.899717
52.880669,-118.078275
38.576472,-92.173033
40.9691244,-75.63149304
37.033479,-94.515612
42.569082,-87.947574
35.986333,-119.957547
38.353588,-77.048846
40.09241217,-75.35907769
32.87091,-117.2243
32.780985,-117.013557
47.438362,-72.783946
45.718264,-73.513139
40.862287,-73.128993
28.189871,-82.400237
42.439688,-71.257964
39.245876,-94.448623
42.553111,-71.473878
53.277764,-110.052845
40.89150205,-74.07254084
33.770507,-118.193732
38.817467,-121.189455
34.02937,-118.391691
38.11179875,-85.67743357
33.577814,-101.855263
43.05017794,-89.4725107
44.633515,-121.129568
43.026183,-73.791391
38.79302,-77.51554
44.336411,-93.950011
40.871646,-72.798975
30.716011,-85.184298
33.903746,-84.465801
33.984291,-118.442119
37.74437,-88.96229
37.992956,-122.121362
48.8528754,-67.5251777
23.19724,-106.194758
36.069862,-79.270016
40.798547,-73.412347
43.164454,-88.065821
44.901438,-91.933601
37.29756,-120.483465
43.657721,-71.499645
20.967336,-89.591301
30.001928,-90.12463
19.302845,-99.185991
25.780248,-80.141654
39.479708,-75.720734
41.521811,-71.28316
32.911788,-117.145678
40.421187,-79.788204
34.421562,-119.631365
25.687109,-100.31675
32.361242,-86.161109
39.09231906,-104.8526079
39.980716,-74.887083
40.96139772,-91.52821202
43.132869,-115.69167
37.9333253,-107.8546008
42.972593,-123.340098
50.239875,-117.801078
26.271621,-81.73912
37.83674561,-94.351392
41.12007,-73.48002
41.308334,-72.927878
45.072333,-64.445154
29.95073,-90.071576
33.39349,-84.760014
44.636525,-124.053
42.334948,-71.257031
36.89738,-76.22651
52.791637,-108.303611
44.020274,-71.11367
49.327849,-123.070914
34.22833,-118.536
42.43108,-83.48323
41.85434,-87.95846
43.467835,-79.689043
28.787206,-81.982388
48.361574,-119.583597
38.0405,-122.78777
34.0633443,-117.6508876
28.478824,-81.449374
28.38497,-81.50127
34.04743,-118.52493
48.032596,-65.25308
39.695806,-75.395194
40.739233,-89.606746
30.086268,-83.571329
39.903574,-75.19772
33.448209,-112.073813
38.709843,-120.842261
26.226551,-80.182398
41.0054,-74.2907
32.079624,-81.281243
44.805255,-79.733989
27.300106,-80.37207
42.2439951,-85.5876305
45.505043,-122.675
45.535113,-122.666743
53.917074,-122.749716
40.2338,-111.6585
46.80617,-71.3159
20.5887932,-100.3898881
52.966834,-122.440384
34.106536,-117.526903
40.586612,-122.391813
34.055579,-117.182584
48.438986,-68.535337
38.818823,-81.710564
37.739453,-121.135414
41.923822,-89.068801
28.267234,-80.71843
41.70511571,-86.62151527
40.77943,-73.65012
48.234437,-79.018868
46.735126,-71.458694
45.775533,-74.004504
49.124637,-66.490357
46.43893,-71.021084
50.708767,-119.253661
47.616273,-122.035496
29.483457,-98.466474
37.636189,-122.420257
32.77583,-117.1540003
34.281476,-118.441671
37.782076,-122.447026
34.07742,-118.100073
37.250787,-121.860764
37.417306,-121.956825
37.294497,-121.873
37.725792,-122.15684
35.253723,-120.684236
33.136529,-117.175992
37.723074,-121.944218
32.549267,-117.040359
36.621965,-121.844121
34.42087,-119.698342
34.953122,-120.435847
33.109179,-116.673939
52.086824,-106.645712
46.46472155,-84.38573517
34.149552,-118.451963
40.80588,-72.85978
35.73496079,-79.44204162
42.837274,-80.304041
42.44110061,-96.345953
34.0583995,-106.8914159
60.494624,-151.046128
36.424922,-121.326177
39.9996061,-79.04355685
40.477832,-74.290725
34.1273,-118.14781
49.192201,-122.788167
33.475149,-117.12932
39.800716,-86.270645
44.419373,-72.015533
38.46749,-77.41211
38.97786,-77.41192
42.152891,-71.073529
44.834251,-87.3762
43.455223,-71.5646
44.018871,-90.507488
43.737168,-79.3434
33.834768,-118.348981
25.542876,-103.406897
39.39638,-76.57499
40.06027,-80.58898
46.342982,-72.542063
45.542731,-122.389355
47.474853,-122.273241
37.494643,-120.846
33.209459,-87.569709
42.676654,-71.423825
37.587162,-122.02045
39.32722,-77.34654
45.050541,-93.0693
48.098858,-77.796641
20.689644,-88.202273
19.195081,-100.132553
35.458439,-94.356127
49.334597,-123.168
45.404253,-74.0379
53.502052,-112.080085
27.10797,-82.38529
50.289208,-119.260915
40.523251,-79.818555
30.614438,-106.514739
36.84068,-76.05528
36.330163,-119.292348
38.63024,-76.91891
42.45936482,-92.328785
34.0907,-118.372
49.88002,-119.535729
26.726211,-80.087529
39.836862,-105.034322
45.560613,-62.711137
52.112878,-122.125087
44.449692,-73.108969
39.1882,-78.12576
38.549441,-122.805841
28.605053,-81.366319
42.518411,-71.137207
41.041782,-74.073657
38.86674,-78.51919
46.609653,-120.491932
41.701531,-122.645088
30.62394,-81.637557
20.709157,-103.41257
50.512834,-115.996456
50.78091,17.35062
53.5706,10.06064
39.672915,-0.266301
34.266405,-118.526496
-33.024624,116.878936
37.07775,-113.58391
40.746458,-111.900542
34.850835,-114.624329
35.34075,-80.76579
45.500429,-73.707966
38.64082,-77.29633
39.327438,-120.20741
39.268577,-76.598901
37.970182,-122.058569
32.881141,-96.76952
36.832117,-119.908476
49.378355,-121.442633
30.253396,-81.536872
45.721613,-122.663762
38.603204,-121.428647
38.347998,-120.7766
49.192336,-122.806141
41.585664,-71.991063
39.733802,-105.154111
39.631467,-106.070818
48.147992,11.464678
49.934838,9.353749
48.221159,14.406744
24.914774,54.961261
46.298316,-0.37511
50.40891,-4.952
52.072834,-1.34179
50.33102,6.945609
38.712616,-75.103793
37.533219,-122.327475
37.903873,-76.865803
25.056849,121.614709
24.747779,121.762891
23.076611,113.319826
23.147219,113.382671
22.560246,113.1381
22.525521,113.956392
22.379412,113.567859
38.310492,116.819753
36.655899,114.558859
34.748685,113.803585
28.353669,112.986119
28.118471,113.002371
31.981574,118.767322
31.559952,120.315698
34.251358,117.14087
32.390494,119.397507
38.882793,121.692027
36.713286,116.963366
36.070448,120.307284
34.230591,108.894146
31.285578,121.173937
31.156717,121.236863
30.657641,104.073464
39.099381,117.126363
30.272788,120.15048
30.319473,120.171229
30.006245,120.609766
29.972572,122.32252
29.613812,106.515881
43.880538,125.421998
31.171317,121.60646
28.035995,120.640254
29.301123,120.084763
23.42132,116.716884
41.240311,121.991402
34.65283,112.4062
39.971222,119.549828
24.762329,113.545654
22.55954,113.456535
23.108894,113.146423
39.909168,116.48006
33.078426,107.049622
32.424892,105.879715
36.588867,109.468124
20.034011,110.326225
26.575317,106.719193
22.952909,113.888298
18.257536,109.503349
30.714582,104.009476
29.989832,103.006912
31.202799,120.557442
31.403936,120.892906
30.585285,104.070847
22.853185,113.459282
39.977989,116.481445
39.921023,116.36878
40.988365,117.926208
22.978951,114.452499
45.798618,126.527725
38.272358,109.722927
31.223933,121.473569
23.00935,112.456787
33.015353,114.059482
22.237179,113.582603
115.533691,38.823845
110.393784,21.268173
111.986061,21.851158
30.531393,105.589851
29.799688,121.546448
23.767788,114.719269
22.52968,114.031258
31.216944,121.436203
31.812589,119.979492
39.874725,116.293976
31.696607,119.953329
30.306551,120.11474
41.035297,113.110115
24.514809,118.161575
30.630953,104.145454
38.034492,114.471977
22.719709,114.216164
29.504059,106.530479
33.614437,119.061371
26.016092,119.398697
30.569698,114.250076
28.74940545,104.605
40.755268,114.906113
36.137863,120.428917
26.89213011,112.5537707
37.8070535,112.548371
23.0959794,113.372029
21.66961781,110.93304525
31.221857,121.395027
31.257751,121.628975
22.48140966,113.9161419
31.206517,121.314906
39.8492546,116.332757
30.6394282,114.206086
39.908321,116.34256
31.236038,121.472916
32.0095043,118.736587
37.42484776,116.3949645
22.8282193,113.2758196
28.21960828,117.0237949
29.5714136,106.570692
28.9744917,118.8510207
22.536996,113.957296
25.70046947,114.8006176
31.11373796,121.594196
28.453509,117.99075
40.406001,115.520464
36.72836189,119.1835928
31.297459,121.516113
35.73549027,114.2925854
39.9509302,116.477423
39.8310466,116.416422
40.782252,111.706835
31.47079552,104.7812194
22.995384,113.333168
31.225288,121.551025
23.107889,113.246587
39.1298822,117.210328
23.11804943,113.3460009
28.88047,105.414352
31.2287527,121.426842
24.26496737,116.1304556
26.88497077,120.0224949
40.27160613,122.1326839
32.19183672,114.1338454
30.669947,111.366432
30.740903,120.740004
31.17789349,121.6026205
40.00509,116.488647
39.9745078,116.302676
40.3546016,116.834718
30.20894298,120.2580688
39.909565,116.412498
28.62202293,121.3987369
34.268814,117.273735
34.715363,111.119324
28.70560753,115.7560697
28.45824519,119.9219636
31.2843843,121.450308
30.623392,104.03685
31.31622312,119.4410633
34.03693,113.860336
22.54058097,113.9328884
30.654716,113.156806
34.1953033,108.988806
23.11768066,113.3234669
31.86286475,117.2919678
32.54307524,119.9499392
34.59795891,119.1853206
30.17338476,120.146115
31.24586517,121.4867482
41.15759152,122.9484054
23.881342,113.529108
31.288934,120.712725
22.80921548,108.3990674
31.345812,118.389526
39.130566,117.232468
29.8671389,121.561701
31.9134525,118.811332
23.4746157,111.279784
22.9242667,113.700848
25.05549733,117.0242656
32.33746997,111.715107
23.02432967,113.764972
30.3608393,113.435491
31.264431,121.498885
29.1143812,111.69535
31.9232874,120.961883
23.1077151,113.627989
30.2090883,120.205252
23.49977168,113.2256934
30.5872163,104.050972
34.8417873,113.694007
31.0950983,121.50397
31.3229577,121.476014
39.1105363,117.147264
39.8054522,116.517928
31.1545473,121.350399
41.7763049,123.4362448
27.887025,120.826669
31.47987581,120.3069058
31.2333909,121.41265
25.793778,113.10816
30.3048715,120.142918
23.1159059,113.331901
31.7150026,115.946381
24.78401996,118.5718972
29.859991,121.612954
24.51634548,117.6360711
22.6026406,114.148001
31.2752818,120.52805
29.9965834,108.136156
28.1895715,112.971556
31.1524646,121.226486
33.33934693,120.1613489
29.68573018,115.9760378
30.2930622,120.075192
35.58098813,116.9901077
34.2942214,108.94822
33.85538664,109.9488837
35.07478759,118.3569776
39.11887611,117.6277793
37.57567462,121.2816395
29.5821789,105.0533631
40.72222251,120.8491289
31.18355374,107.5116145
27.32188089,103.7057539
22.5413614,114.111867
23.2168753,113.296609
35.578338,109.2418008
23.05149435,113.149948
31.1319564,121.400384
30.24155668,120.2068962
23.62853258,114.6304641
29.29367078,117.1801761
30.24915317,115.045759
37.59815163,108.8079715
18.320253,109.580361
30.78492478,106.1210022
39.9090175,116.482425
31.83668573,120.5301706
28.01461358,120.723392
30.4149041,120.310311
22.6620659,114.05973
31.17418,121.433427
27.72171446,107.040886
27.52165223,109.9884537
28.2734778,113.366587
22.6492153,114.216772
30.58856,104.0295
31.26817,121.6154
22.6189,114.0548
23.162031,113.454682
36.05648069,120.3980784
22.63609285,113.8607036
24.5004222,118.0937459
31.35079508,121.5884893
27.22608594,111.5193355
34.35251696,107.2315919
29.38376491,110.6429969
32.65257438,110.7863101
27.844583,113.154839
31.19007213,121.6028495
30.33960231,120.0823433
38.92520187,121.65333
39.92778584,116.5604806
34.49430679,109.4614725
22.51756407,113.9331438
23.10056976,113.327821
31.71466177,117.3009532
30.11973616,120.5170189
30.52642132,114.3565769
23.02753187,113.1129273
30.66515498,104.0073048
31.81622264,117.2398827
32.02384993,118.7407909
30.48101622,114.4110274
26.43575464,111.6121227
22.996033,113.712298
30.623517,114.36716
30.68947239,103.8564156
30.09537926,121.1740316
31.20541716,121.4070656
31.30754471,120.6257142
30.28135766,120.029556
29.51698924,119.3213801
24.48992295,118.1959656
39.9837815,116.4580254
41.30507391,123.7908716
29.70461138,118.3362428
29.53697381,106.5863113
24.36072324,109.5126803
39.74456941,116.3210645
21.95893775,108.6488872
36.68193597,117.1250437
40.06687949,116.5473488
22.65864325,110.1743199
30.74547968,103.9605392
22.56744118,113.9397735
30.2120464,120.289069
40.04326761,116.5745673
31.38649276,121.2784261
22.51242022,113.914151
23.10185388,113.2380746
30.55047396,104.042887
23.17583464,112.9020015
23.88770076,106.6296342
25.21897801,110.2883608
31.18801712,121.4026684
22.61991187,114.0610438
40.04831225,116.4316503
30.64974861,104.1155178
30.30933293,120.3153684
31.220613,121.662392
40.02544218,116.4408918
32.536028,120.484029
30.221393,121.258665
30.350707,109.495052
22.53028999,114.025663
41.596311,120.48644
36.068049,103.776529
30.58904,104.064215
30.29249758,120.068841
28.19880102,112.862456
34.73373745,113.7478252
39.77327523,116.1707368
22.58061421,113.8560993
38.940765,121.483465
29.16246982,120.3193605
22.23575019,113.5407526
30.2749382,120.1261049
34.227891,108.90314
30.73229659,121.3472967
30.26005957,120.2022925
30.81362674,104.159605
30.62638566,103.9886329
28.00059774,120.6840145
30.24403702,120.164798
22.51854191,113.4221312
31.22972739,121.3576592
34.22197458,108.8825206
22.80092818,113.545138
30.55898,104.074369
18.678209,110.361979
22.612048,114.068727
23.062345,113.305331
22.638667,114.137622
30.279558,120.143642
30.241554,120.263024
31.795207,119.89062
25.032645,102.718044
22.539001,113.991186
31.250775,121.545518
31.180355,121.379942
23.013109,113.359129
31.405354,121.49185
19.992449,110.34916
30.488587,104.101148
32.697784,109.030447
39.751717,116.147136
40.000287,116.463298
40.133427,116.615275
39.692635,116.326798
39.930414,116.606086
39.946298,116.438603
40.013789,116.396086
39.91488,116.481841
39.915712,116.379579
31.228966,121.45445
30.134052,120.089615
32.008454,118.731297
34.763696,113.776627
26.61127,106.726772
28.048853,120.862025
29.955014,121.607438
29.648169,106.554915
32.091944,118.818111
24.481032,118.118066
28.630769,115.731473
22.662343,114.083533
28.257408,112.98579
23.088676,113.285731
31.217544,121.483284
36.096741,120.385897
30.284801,120.160432
22.718168,113.861517
30.538015,104.103917
25.058014,102.746582
22.545107,114.11054
23.000891,113.106473
30.583752,104.247186
39.895152,116.66517
31.325766,120.716628
34.19896,108.887329
30.303073,120.22139
30.32526,120.115646
31.188719,121.498826
29.581731,106.539543
22.971486,113.328099
27.968341,120.59323
28.698609,115.873747
31.269299,120.732134
31.641523,120.762878
40.004261,116.297193
30.659767,104.08355
39.975151,116.812854
39.035859,117.699602
31.336396,121.286412
30.8955,121.934471
31.125774,121.46243
25.002725,102.713156
39.992942,116.358177
22.9181553,113.396486
22.735884,114.237453
34.255393,108.893886
31.249064,121.514471
34.761028,113.668268
34.768075,113.616552
29.864513,121.45667
39.91526,116.456223
23.162796,113.334144
23.038253,113.357517
31.311885,121.312889
29.290735,120.214958
32.200941,119.439173
31.257801,121.538842
31.861977,106.734924
30.6074,104.072714
35.950831,120.176029
39.905934,116.424144
31.362974,121.37586
39.811339,116.466018
31.250824,121.459897
39.896264,116.289954
29.79323,121.656772
31.340134,120.662783
30.01227,120.586061
23.032801,113.344326
34.187843,108.971234
39.911656,116.129218
29.631203,106.364304
22.537785,114.12251
31.150622,121.101782
31.277671,121.644143
41.747769,123.465595
32.878643,115.814755
24.911407,118.607258
31.251262,120.709638
26.066172,119.359108
23.188124,113.481804
22.729715,114.256904
34.358946,108.944212
34.771949,113.726284
30.727162,103.940418
30.727089,103.941547
30.703255,104.037733
22.812288,108.382041
29.681863,121.419588
31.141099,121.432492
34.213224,108.971182
28.073996,112.992605
31.206776,121.273414
30.183842,120.194588
31.219905,121.469268
23.15341,113.20058
41.768671,123.356799
26.02371,119.353785
39.03431,117.34817
31.235638,121.435082
30.540259,114.203239
27.93476,120.819363
23.155646,113.329265
22.536589,113.955199
28.589512,121.395837
32.002334,120.890049
30.716089,104.072441
30.619452,104.085617
30.072085,120.61787
40.150571,116.609561
34.259998,108.829883
23.156478,113.247689
22.925218,113.347046
23.41626,113.235036
39.121441,117.100662
24.484467,118.17944
29.575974,106.503164
30.936255,121.46894
29.311373,120.112816
29.340013,120.112969
31.177581,121.746569
26.287466,105.998613
30.581764,114.368081
22.67656,114.147288
45.137531,124.837651
22.821376,113.805732
29.07918,119.645808
31.198579,121.319797
43.834943,126.568015
29.596211,120.832779
36.151751,120.420835
27.641297,117.987176
31.29966,120.577918
39.969715,116.391042
22.507687,113.895629
29.509086,106.497446
38.489132,106.221455
39.938509,116.465081
40.017844,116.60294
31.236909,121.384737
30.737983,120.50394
30.045956,120.872083
31.679662,120.73249
23.098221,113.382965
43.182405,124.357703
45.738722,126.572673
22.7272,114.274963
36.732649,119.042627
34.728271,113.73605
30.498305,106.649781
30.547463,104.06484
30.907439,120.107259
34.866605,113.622855
40.005083,116.495413
31.410824,120.964234
39.128413,117.281821
35.061629,118.349649
30.759358,119.791357
30.760113,119.788616
31.240222,121.516288
43.625267,122.264516
24.882154,102.83049
31.211621,121.451916
39.923576,116.447442
30.20039,121.285469
30.601635,104.142706
30.253348,120.22274
27.971917,120.642893
31.384337,121.451759
31.206801,121.701754
23.062525,113.561395
31.297399,121.415007
24.710911,112.294348
34.71584,113.6334
22.2853,113.5646
37.44052,118.71
36.39613,120.4506
40.51981,95.78374
39.75489,98.49216
22.53377,113.4878
36.82795,118.0598
31.1641,121.5716
30.05078,120.5828
30.15904,121.2453
23.06882,113.1644
36.71976,119.1574
27.96034,116.3697
30.67939,104.1128
37.91961,102.6276
29.515465,106.566906
34.246368,108.915058
25.64991314,100.1881394
27.99519375,120.701908
22.79263722,108.3763849
46.64125559,124.8875917
27.61950458,114.0386187
31.38127345,120.6520095
30.91288134,121.823161
27.78766225,120.6702647
25.9068528,116.0345043
28.24678085,113.1044774
22.70461437,114.2150784
43.82443471,125.2656098
22.98561985,114.0188207
24.49820445,118.0319805
27.82989341,114.9224348
29.3496324,113.1210241
39.53463812,116.730076
22.78241593,114.0564386
24.29451549,116.1489689
38.93510963,121.6767424
32.38734571,119.4038755
33.80593716,115.7473525
36.31343884,120.4213843
36.27452304,120.2843864
36.0670616,111.503181
30.97180966,121.7427722
41.98922048,127.5447998
40.95463031,115.4423746
38.836664,115.513648
29.61217,106.5694
29.56429,106.5869
29.62741,106.4819
30.8011,108.4107
24.94647,102.7079
34.80732,113.6515
29.89174,121.6122
30.1391,120.2282
23.03849,113.1937
39.92901,116.2074
22.55978,113.9897
31.35951,120.9602
30.59054,114.3893
36.20908,117.1031
34.81259,113.5316
23.38359,116.7297
31.22636,120.3993
30.86968,120.0307
39.67731,116.3264
39.5212,116.4219
22.17629,113.5323
31.23367,121.5264
32.01621,118.7727
32.08009,118.6734
31.36035,119.8206
23.3195,116.1686
31.23774,121.4629
22.70442,114.2731
30.66068,114.3014
31.29784,120.565
39.10428,117.1256
39.15139,117.1807
26.91896,100.2263
22.89736,113.0576
39.97587,116.498
30.30486,120.3321
33.59847,114.643
42.85592,93.55771
43.87979,87.57623
34.82415,113.5607
38.91289,115.4739
31.89364,117.2648
40.11878,124.3749
30.63846,104.0742
31.83552,117.2573
22.57247,113.1355
29.89108,121.6318
31.14516,121.3324
40.0978,113.3698
31.32197,120.6631
31.14546,121.6144
31.22265,121.5205
22.55016,114.1463
31.22761,121.4016
26.62706,106.5964
39.89697,116.4524
36.67385,117.1148
31.03256,121.4221
31.13886,121.6724
31.12181,121.6278
29.94855,121.4763
30.17658,120.2254
43.8476,125.2969
32.05387,118.7909
24.63976,118.0681
39.95127,116.2104
26.55258,107.9432
28.71796,115.9769
22.82807,114.1069
35.4713,110.4648
34.2539,108.9563
39.9361,116.2606
35.426776,119.538986
30.30816,120.136986
22.7003,114.1836
22.7616,114.5093
31.091,121.5213
40.1895,116.4203
39.0957,117.2194
19.1071,108.683
37.7943,112.6122
22.9494,113.4548
31.4241,121.3494
30.1904,120.1772
30.7052,120.7916
41.7928,123.4559
31.106,120.6178
31.3188,121.5942
39.022,117.6935
30.9225,121.491
27.8839,102.2524
32.0416,118.811
31.0437,121.2185
20.0094,110.2646
22.8901,113.9096
22.5985,113.8826
24.4899,118.1329
29.6403,106.5391
34.6216,112.4531
23.1419,113.2934
41.7812,123.4403
39.913,116.4602
31.2538,121.4975
31.1268,121.0562
39.9418,116.3159
41.8088,123.4768
41.8154,123.3834
30.6098,114.262
40.0495,116.4179
22.5572,113.8932
31.9954,118.805
40.3557,115.962
31.2502,121.598
38.04058,114.4773
29.85419,121.6207
30.24012,120.0508
39.90862,116.2985
37.44079,121.4545
36.21677,113.0817
41.70752,125.9349
52.9359614,-1.1348621
61.163899,13.202693
22.449447,114.002637
27.734678,-82.680354
40.815554,-77.90172
35.668171072,139.7403842902
24.979615,121.444553
23.966211,120.677367
52.724169,6.883522
39.400528,-0.491639
39.400724,-0.493012
53.10912,-1.31227
22.45411,114.17423
35.3376820682,139.4454811676
39.697722,-75.397722
37.372459,-122.05705
45.525434,5.974838
48.184498,11.532516
22.34218,114.190763
38.248629,-112.652764
37.0016,127.83573
22.33931,114.1871
34.75614597,136.15761077
35.81791098,139.9340663
35.64908568,139.69961302
41.83071,140.73577
47.50207906,3.98431294
-30.513878,151.657448
-27.495563,153.057145
-42.877905,147.331002
-35.725055,147.313236
-32.925069,151.759126
-31.877145,115.776639
-23.376811,150.511734
-29.053666,152.019168
50.124475,-120.748473
54.77919319,11.48137922
55.386511,10.426722
56.41431518,10.07706918
56.974425,8.681054
48.05298386,0.16638841
49.036598,6.112951
44.036408,1.378367
43.116581,0.766975
45.327128,4.805394
50.99408,6.5483106
48.706939,9.306462
51.25309,6.7717
52.238215,8.162957
49.994026,9.070627
48.90911,8.69096
47.923424,10.208663
31.889327,34.966824
44.48393959,11.26845624
38.14580363,13.33703218
16.853032,-99.823876
-36.772358,174.741163
60.16830802,10.25641187
61.114575,10.44726
61.904626,6.725761
62.175359,6.052786
59.950257,10.737515
59.920851,10.675951
59.90966,10.627171
60.26730454,8.947200348
44.203265,28.631145
37.6453842,126.6302604
37.8405709,126.7909986
37.730547,127.0566868
38.8169,0.022207
41.068401,1.057771
39.473456,-0.419781
62.640423,14.371276
60.14508736,16.17324542
56.210419,15.277011
58.393215,11.758098
47.4106456,8.5964305
23.98364626,120.5075004
23.26678536,121.3735291
24.70134741,120.8662933
51.376126,-0.098221
51.067118,-1.299816
39.52932,-76.19393
29.793696,-82.494266
41.00187043,-75.27315719
37.376649,-86.82644
36.62855,-82.14891
41.42264,-81.75836
37.348763,-89.598313
46.664876,-92.477685
35.913139,-79.055781
42.174935,-72.578197
38.954372,-92.383116
40.389124,-122.288043
40.658272,-74.299893
35.98435,-85.01058
37.687905,-122.470335
39.758898,-84.191633
41.65243,-93.62111
25.80622,-80.33778
39.576771,-74.716643
42.06565608,-80.0372154
34.50495,-82.96567
41.05961,-83.6711
26.122438,-80.137314
41.079298,-85.139612
33.150492,-96.823918
33.536001,-112.262931
36.039603,-114.981842
35.93583,-84.00416
30.01296,-97.86266
30.378078,-83.813847
39.10322,-77.52516
37.682031,-121.768379
36.851744,-119.952207
43.080519,-89.375135
33.425896,-84.187415
41.743818,-74.070079
29.187098,-82.140391
28.449951,-81.491449
35.806407,-83.572711
30.5097088,-97.687751
32.936306,-117.099475
27.336465,-82.531001
45.664629,-97.049693
36.68661,-78.90085
29.9168022,-81.4035456
33.195372,-80.599878
38.038927,-121.261056
27.950499,-82.457234
32.93326,-80.69257
40.72053,-122.928066
34.118851,-84.528432
55.565096,-1.79184
48.407702,10.599293
45.524971,5.976568
36.134009,-86.891923
51.8869,19.384361
39.92584959,-75.03243593
52.594675,-1.180623
41.70766417,-86.6231211
41.744976,-85.33012595
40.97155678,-75.63079065
48.218806,10.127389
50.511742,14.052647
24.243903,55.715883
48.959185,10.173699
48.042495,10.620099
22.848028,120.273829
40.6198242,17.9026418
64.847698,13.016199
42.139213,-72.025739
22.333663,114.160072
30.62164,34.801029
47.499063,-0.491233
-41.180027,146.367397
52.620732,13.54162
37.48406,127.01732
31.259556,-95.985289
24.1923303,120.6594449
24.9656431,121.3068717
53.823223,10.50362
62.395885,17.252384
51.311049,-116.969489
22.28571,114.15789
34.9785003,135.96920831
35.49702496,134.22791351
34.65201823,135.51297516
37.07247461,128.1917696
37.5492,126.91343
-39.066001,174.047341
38.05435,128.66061
52.135575,10.288412
46.49733141,3.361729942
55.066079,9.362405
55.759061,12.516578
67.258839,15.391841
53.82602,12.30017
56.67403884,12.89815762
62.6165,29.771159
64.222948,27.736752
54.3158618,10.1003468
52.30327,9.85139
50.3875747,8.064063
31.199433,35.363831
57.26463413,16.430844
66.773469,23.965085
32.087295,34.879804
58.06604817,11.83484743
46.62137,14.01269
52.260664,-9.659182
53.823223,10.50362
47.4695541,19.02685
55.49005884,9.477859854
41.208179,-8.688553
33.836627,-117.914202
37.758847,-77.479969
34.895815,-117.017346
39.56867,-76.3537
34.489017,-118.625661
37.244022,-77.409759
34.02679405,-118.38816818
30.17242,-97.630913
40.519253,-74.410486
26.435221,-81.773213
39.38708,-77.40781
29.651957,-82.325001
25.857738,-80.278677
25.666347,-80.357557
35.189401,-114.059008
28.291961,-81.407798
33.4866751,-86.772687
38.297544,-122.286879
40.21924599,-75.24730774
37.442146,-122.143183
37.540468,-77.43557
40.730085,-111.901759
33.494253,-111.926121
43.047986,-76.147457
27.99694,-82.37288
37.752906,-121.467661
38.910778,-77.009056
35.104286,-106.565888
27.2095,-81.83774
43.802062,-83.000491
34.180839,-118.308744
44.209784,-69.064889
33.98978,-117.732608
33.895983,-118.220096
39.64855654,-106.5871433
38.409008,-121.371536
47.979216,-122.201544
41.49005,-83.37051
41.154028,-80.700941
42.683049,-89.019496
39.08124,-76.88878
28.11998,-80.69928
35.149667,-90.04896
41.354209,-71.966632
37.333611,-119.645191
26.89573,-82.01142
38.79077,-121.23597
27.175496,-80.252562
33.58703,-80.3572
33.836059,-118.340008
39.150032,-123.20765
30.056682,-95.926747
33.888562,-117.813263
35.400435,-119.469693
31.963601,-83.766131
35.646205,-117.81333
41.8049603,-77.08515356
36.666452,-121.810105
39.70988,-75.56193
40.39117461,-74.34011285
35.248137,-120.671311
33.916522,-117.900328
33.923748,-116.803242
33.975922,-117.838337
40.1636046,-76.15389484
33.71566,-117.964947
40.741602,-73.613058
35.608412,-78.563071
34.147738,-118.227263
35.03978,-85.68505
34.248541,-117.189545
40.17443,-74.923078
36.802716,-114.099784
39.62016,-79.92352
25.933354,-80.162324
37.097857,-121.016521
32.321887,-111.044919
41.31177,-81.44958
32.63419,-80.87517
59.60978545,16.54643022
63.959467,10.226572
51.55949,9.87945
55.547063,13.003699
63.17722973,14.64037005
60.910277,10.812076
49.141693,-121.963915
49.095328,-123.026576
50.674494,-120.327136
49.474167,-123.754557
49.49624377,-119.6151225
49.166511,-123.133704
22.31311,114.17946
46.6018,13.883084
52.213255,4.503421
47.2717489,5.04348475
32.604971,35.29299
25.199541,55.283352
22.32673,114.15378
22.30577,114.25129
24.819497,120.970701
50.227643,-5.279001
35.10414,-77.080425
53.057533,9.165355
32.79029198,130.78112678
22.33694,114.14799
48.039397,13.991102
51.30274,0.16072
38.32542573,21.86836558
22.31023,114.25712
40.701995,-73.432692
34.992684,-78.135542
33.95232,-81.23278
37.470798,126.665855
36.366073,-77.674312
37.3959939,126.663656
53.711971,-1.746966
53.713158,-1.744952
35.666741,-5.965834
1.29225437,103.85970675
33.5864901,-7.6386354
40.175837,-74.630205
22.36392,114.17203
33.492611,126.5071
43.98806,-80.744085
43.362524,-81.479978
25.056755,121.360149
25.0021653,121.2018036
25.12767442,121.780918
24.11528342,120.6541725
51.052489,0.454862
35.483965,-82.557767
24.92872601,121.1674629
22.30306,114.26104
37.5798,127.04601
24.199545,120.679617
60.489054,26.554835
68.450191,22.481432
62.820618,27.60763
1.30267788,103.90335188
40.11301,-87.24779
59.421206,5.4435
33.55229,-80.82793
35.587413,-80.873024
40.51116,-88.94762
37.586293,128.322665
22.38184,114.20546
24.80460968,121.0300123
35.638195,-82.143094
18.406928,-66.106132
30.269958,-98.398023
36.65782,-76.22447
31.898998,-97.090981
40.00737497,-74.861183
22.2789,114.2382
34.72175,127.69938
40.0983392,116.2727589
52.97510241,122.5438263
38.19284805,140.3113535
-36.715834,142.196501
48.691358,9.003707
45.76911003,9.05688133
44.42086357,7.55126133
47.372431,10.886093
37.053291,127.0802391
26.635519,-80.17469
39.5723726,-75.05272189
37.46604,-79.11773
36.6926278816,137.2081196316
36.085922531,136.2505007218
46.774647,5.522209
34.921951,-79.748607
46.84066626,-71.277437
51.31395,9.49343341
22.3062,114.1615
49.365019,11.207273
40.66179,-73.79282
42.306216,-88.976473
41.7317,-86.00514
41.73281,-86.00484
41.58839,-87.21656
41.58745,-87.21759
41.49062,-83.36665
44.265149,-76.501816
37.53236,126.64166
24.25625601,120.7343466
25.09280405,121.5271815
25.0717185,121.4759775
35.6541179,128.749351
30.43387,-83.4535
44.47037,8.900802
48.306514,11.634577
28.095314,-81.274626
52.918329,-1.4718478
30.750536,-98.6748996
28.52269,-82.22999
1.30693214,103.78822187
63.752282,-20.235888
48.691108,6.127792
24.281389,120.602056
24.862266,121.012576
24.85706,121.008628
23.03398125,120.228285
30.254827,-97.605118
42.223087,-73.826751
37.36388,-81.05238
53.479787,10.025082
51.48947,0.286622
-34.033946,151.073913
57.052108,9.966026
44.201885,0.61636
25.40263,55.48409
36.141604,-5.45116
42.16552495,-88.29394476
34.095192,-118.1268385
48.54992612,-71.65215546
50.74998,9.2997
35.22200747,-101.8310283
43.5981436,13.44981364
45.899268,6.131451
28.65385,-81.46808
33.997664,-118.420422
30.22886,-97.815433
40.5802588,-74.28485097
25.956491,-80.139173
34.13354999,-117.9075427
52.213321,8.814317
35.373335,-119.018816
44.64273167,-0.998641267
30.11059998,-97.31508392
30.451468,-91.187147
39.09616,-76.84088
29.735389,-94.977653
39.70921743,-84.0631142
30.303737,-97.941771
39.03484034,-76.90741609
35.374193,-78.542405
47.6297816,12.9970943
38.98479337,-77.09424488
51.453481,0.138545
43.34438057,3.215704892
24.669605,-81.354007
45.84003,-119.700934
51.63372816,12.1962279
34.81154,127.09362
49.35429623,0.817630987
26.531782,-80.090564
45.652581,25.611115
39.9994652,-78.23882767
41.31384767,-81.68469321
36.120503,-115.1874
37.38226,127.12171
43.32556143,-79.79768282
41.749156,-87.918796
35.19873,129.20672
35.09832,128.91761
35.16214,128.98461
36.305926,126.900338
46.150421,8.963471
38.66876194,-120.9876885
40.714224,-116.103933
39.9784829,-86.11791437
41.956199,-91.65781
46.78094811,4.856530041
35.22269,128.68126
35.227198,-80.843085
35.045778,-85.309428
23.37974442,120.1567809
41.87815403,-87.62972522
30.781781,-85.538713
37.122842,-120.260047
32.64015676,-117.0839838
37.86354,127.74751
52.84464273,8.052597392
43.959572,-78.168166
39.96135995,-82.99773189
43.2891,-71.5784
27.80037634,-97.39680137
30.475433,-90.100733
36.083123,-115.120381
35.8655,128.59339
35.83008,128.62331
51.4535,0.246722
41.612762,-70.971179
33.775584,-84.296508
33.214525,-97.133077
30.393591,-86.495585
52.233401,6.210263
38.85767173,-76.88934923
41.014275,-73.872683
37.49972,126.92817
37.16566,127.10661
37.71596846,-121.9102411
34.002885,-84.144488
37.46886142,-122.1412839
40.83380622,-74.09753073
42.562466,-72.037482
53.546172,-113.49375
37.817377,-96.86231
42.03541404,-88.28256643
39.19822257,-76.76341332
46.977979,-120.542576
39.2533765,-114.8742038
49.44755281,10.25039464
49.139135,-102.991496
37.61946,126.9208
32.609872,-85.481743
37.51609,-75.83175
39.47167,-80.15369
43.74366379,-70.2603766
51.305773,0.902281
34.038223,-5.02287
34.195742,-79.762694
43.77324157,-88.44707558
26.122432,-80.137318
35.007338,-80.945096
55.53316306,9.715929874
38.30330734,-77.46066114
37.54864661,-121.9883386
40.29825379,-3.821306615
33.87036711,-117.9243001
44.330679,-76.161787
37.51611,127.01953
35.262165,-81.187105
34.88873,128.61426
37.48007,126.88172
37.00302663,-121.5564713
35.22756,128.89418
43.262481,6.575544
37.65048,126.87383
59.29631909,11.06752654
35.612903,-77.36637
41.743255,-92.723276
18.35745217,-66.110832
51.237375,-0.569482
37.36904,126.93766
37.61058,127.13796
37.28656,127.05594
25.981849,-80.148292
41.95417297,-75.28024246
42.11600758,-70.84731127
26.190679,-97.696136
44.273846,-123.170949
36.304806,-86.619918
49.26065728,10.50346346
32.017165,34.789388
21.30615923,-157.8596058
29.7608359,-95.36953069
52.03499,5.137667
34.730408,-86.585935
30.502925,-97.580873
37.27882,127.43449
37.50745,126.72055
39.76795402,-86.15804926
41.661265,-91.530166
34.75408,-77.430435
30.44665,-82.93361
35.80698,127.11566
35.842095,-90.704894
22.59866011,120.3412614
40.69933242,-99.08163942
45.016348,-75.646308
36.069806,-80.111938
33.192807,35.570395
41.64974902,-73.76324987
43.601048,-89.79352
33.85367737,-118.133752
38.087091,-102.620525
49.104005,-122.660247
42.73260646,-84.55546421
38.971635,-95.23529
33.543936,-86.58867
34.217293,-78.018642
42.356745,-73.285031
47.37917,14.99377
38.04042585,-84.50446498
37.78415714,-79.44297211
40.81361895,-96.70260939
53.406964,-2.901415
34.638974,-120.45786
35.61650846,-119.6941844
44.505225,-77.472651
37.64821091,-118.9721383
49.21932808,-122.5990829
45.099994,-87.630728
43.85620223,-79.33795535
37.608795,-77.373443
41.66644025,-81.33996237
48.51837248,9.761093844
33.41512013,-111.8314753
44.92660193,-78.72629294
45.871391,-89.710078
37.56093,127.19387
35.894082,-80.56185
37.63927703,-120.9970266
35.05258358,-118.1736997
41.526598,-87.889242
34.81443,126.47122
40.336536,-74.43485
45.30569542,-93.79417462
49.35468632,-97.36455001
36.499967,-80.605381
48.19836671,11.61787944
34.83832,127.89918
35.42202,127.40131
23.96515706,120.9673108
31.760848,-93.086114
29.703328,-98.12432
40.917225,-80.605877
25.18764412,121.4093416
40.73558203,-74.17212214
61.91218372,5.985585732
40.71638698,-73.32215098
41.14012619,-100.7624667
51.62929096,9.918529637
52.630189,1.297138
52.957009,-1.147388
38.38504535,-75.06639006
60.06919436,6.546224361
41.25654318,-95.93451796
62.59427965,9.691220285
41.630488,-87.853874
63.291609,18.706018
37.15598,127.07273
41.68296608,-88.35157156
36.28107202,-78.6033953
54.83650112,9.33889185
37.54772,127.2423
44.8,10.35
49.05671,-122.801739
37.47167204,-121.1298371
26.0077331,-80.29620573
39.412815,-76.463855
34.75711,-82.47419
22.46998779,120.54801
28.02606,-82.15171
36.059093,129.320555
52.21121213,8.875647748
36.83539326,-76.29790807
38.25428066,-104.6085586
47.23445502,-119.8533723
33.991243,-6.836882
40.3017487,-75.85382832
40.17841313,-122.235717
41.979442,-73.882161
32.53174292,-96.81371373
48.64562825,11.52065258
38.95871606,-77.35699364
50.99820118,-118.196085
31.974366,34.791323
59.87801725,8.587881116
30.6336175,-87.67547
41.657538,-72.664157
51.57803,0.18525
51.526826,4.744121
32.52368403,-92.63843915
35.08025,128.08301
46.13778814,6.07808921
46.25509409,-72.00944972
38.42085,-75.56611
30.33225445,-81.65621682
37.77516894,-122.4192732
33.50189032,-117.6628385
37.56302546,-122.3259856
37.973399,-122.530762
30.53983831,-111.1194749
34.420813,-119.698415
34.024881,-118.485264
50.54894972,11.79436303
38.65915,-75.59359
27.81637779,-80.47091494
27.49552521,-81.44081525
34.14785499,-118.1443016
36.5003,127.2568
50.16779309,12.10725717
59.48940285,8.644167603
36.570745,-119.612299
36.77278,126.4418
25.327878,55.41972
39.521587,-85.777018
37.3722,126.72715
52.96868,9.90886
42.088383,-88.153665
38.94006215,-119.9772444
40.44649489,-74.38586456
29.90124566,-81.31269756
41.59661949,-72.87771063
52.825052,6.471346
46.82607476,13.48596532
47.67381,-117.1130101
47.209058,-118.22567
41.91441357,-88.30871359
38.6274595,-90.19833899
26.16692622,-80.25653622
43.39022657,-123.3126816
38.66476725,-80.7098034
37.24581,127.05686
51.62161,-3.94315
40.82605621,-73.50222586
55.65943906,12.31584777
24.16307686,120.7193467
25.07744136,121.5443956
24.95704311,121.1996916
33.49363748,-117.148532
40.341,-1.109723
35.88262734,-80.08150602
43.8931143,-71.67552983
45.45632531,-123.8439388
51.226489,-0.722491
39.047347,-95.67516
46.56346752,4.911275612
44.10121153,-77.57624782
53.20353757,-105.7524593
33.74208985,-117.8236498
40.110616,-88.20888
38.104096,-122.256571
43.85632265,-79.50855001
41.81871675,-72.47898377
43.138171,-75.570639
34.53632447,-117.2928493
42.239078,-8.708761
41.88977224,-87.98884368
48.69717471,2.231532317
33.20024388,-117.2423913
35.16302654,-78.73605767
41.619809,-90.782438
41.732853,-71.436149
38.910778,-77.009056
38.93346245,-77.07981147
34.06883331,-117.9381763
41.586484,-84.434837
29.31173028,-96.1030622
42.3148821,-83.03731486
36.10003854,-80.24424887
40.557662,-74.284372
40.69767847,-74.26350936
51.31437866,7.266318248
35.32094,129.01746
24.64118402,121.8049173
42.241029,-83.613118
34.1143634,-116.4315796
52.047502,4.484323
30.403355,-97.724276
50.769526,-1.919495
48.146522,11.790601
31.62205586,-8.0019859
30.391906,-9.597081
45.65232671,9.61888431
23.284657,120.39851
23.446267,120.494146
-33.95056,115.075443
47.383438,19.026828
51.710912,8.713781
24.4305,54.617778
22.36699,114.11463
53.962295,-1.528573
61.163899,13.202693
30.289814,-97.827463
37.395519,127.112237
22.31622,114.21377
1.4063030991,103.9018783498
51.924806,4.372265
43.04618022,12.40782217
42.06240999,14.77891254
66.5016,25.7227
45.08225363,6.71121995
47.835942,13.059135
22.39216,114.194397
63.521584,9.109229
1.426330323,103.7863951
48.393734,11.070536
27.949314,-82.504671
22.656138,120.306277
54.070027,9.941533
47.04312,4.841182
36.67432,127.48327
36.12661,128.33677
35.11766,126.89863
35.21777,126.846
34.97087,127.58226
38.20383,128.54688
37.5176,127.11296
35.56131,129.36148
46.682378,14.336133
47.279485,9.622952
47.032992,15.411835
47.21778,10.750268
50.7097079,4.4082803
50.453006,4.432281
50.9545646,5.3541512
51.0191887,3.7352357
50.0133085,5.2267825
50.4555429,3.9393906
50.2895015,6.0985787
51.1542622,4.1585988
55.6703153,12.524468
57.437649,10.5379777
61.6887107,27.2807686
63.97427,25.7598218
45.65563875,6.366594595
43.9511824,4.8063967
44.88494918,-0.561513251
48.4475359,-4.4588716
45.7178933,4.926751
43.20261088,2.314344851
48.60774616,2.581124559
48.97592186,4.291139185
46.816487,0.548146
48.631763,2.407082
50.5186008,1.594977126
43.29276307,5.477084085
45.85706967,6.617825777
50.74232121,3.143294954
46.99082272,3.162256336
50.41440444,2.985001228
48.83250515,2.782821738
46.535709,0.287122
45.89582282,3.140550741
45.7546885,-0.65581786
49.8412719,3.270423
48.62236825,7.726303149
47.3310567,0.683381183
53.2593118,7.4328983
50.3399594,7.4406318
50.0379326,8.5621518
49.2360754,8.8800992
48.2207559,11.3334581
51.996837,8.6157806
51.1306334,6.9968661
47.56521524,9.737513967
49.8904904,8.6073475
49.5940174,8.6323076
50.55722833,8.564964224
50.0724298,8.476967
50.0609623,12.1077389
49.526615,8.5638397
53.1048455,9.9795166
48.1851543,11.6438804
52.2427145,10.5123111
51.544731,12.0140235
49.4403397,7.701801
50.9233099,6.8503398
50.1305526,8.8668853
49.3126,11.4713758
48.7892053,12.8985373
49.3135644,12.1445587
53.001392,9.930939
47.61902758,7.58166419
52.146642,7.737687
51.0572752,13.5314402
50.6750563,8.2799665
51.9112143,7.3987537
52.519738,13.4161851
52.4000787,13.545958
52.90454906,12.73842218
48.096541,11.6042884
52.813806,8.1935454
50.8347454,9.5733653
51.272244,9.551003
38.6611768902,23.0739798197
39.6327432,22.4347457
53.4018994,-6.2604334
31.611148,34.768459
31.8058268,34.6727301
31.7657333,35.1986546
45.5529868,9.2390668
45.4766751,9.160285
41.9718817,12.5402013
44.7350358,8.8369741
44.0398216,12.5866426
45.0704356,9.7294534
45.4537974,11.8567569
45.5105568,12.2274309
39.2643794,9.1011555
40.933539,14.3589143
45.5080817,9.2398761
41.9020474,12.4382373
45.4675771,8.4614738
40.6798859,14.7600469
44.1164443,9.9478611
44.4193038,7.8532058
44.2649548,8.4252229
31.9505472,35.9406424
49.6445359,6.2699157
49.5823768,6.1243062
53.1881168,6.5306618
50.8922662,5.9553693
52.0523962,4.4014273
51.7205459,5.4379781
52.1097713,5.0493413
52.3350389,5.6423463
60.88763,11.515562
60.8626924,8.555496
68.4372318,17.4263908
59.481092,11.663765
58.467308,8.721967
61.5940426,9.727164
60.569841,9.106543
64.0191426,11.4918889
60.6337014,11.3017102
52.3017924,21.0884895
54.1862736,16.1531101
53.3782505,14.6909712
46.4068639,14.1319644
41.4433376,2.2298985
39.632986,2.733344
43.389119,-5.803724
41.789386,1.897807
37.822926,-0.810341
37.112785,-4.566832
37.440187,-5.885674
37.7926483,-3.7724628
60.6537102,17.1122896
64.591449,18.6903745
65.3204053,21.4269061
61.0081637,14.5424338
56.231489,15.257631
64.50656102,14.144419
66.3818677736,23.6450954865
65.1854777545,18.7376904207
59.9783683,15.7992321
62.441117,17.338282
46.9437941,7.3668223
47.4084666,8.5960524
46.179098,8.841605
25.1417571,56.3355581
24.0759757,52.6717263
53.5717278,-2.2192584
53.5672256,-2.2309431
55.8680026,-4.2389608
51.4393997,-0.9681182
50.8384889,-0.1472018
51.4221294,-0.2030595
50.8204165,-1.9031264
52.4497935,-1.4960219
53.081665,-0.8050072
52.5080726,-2.0797755
53.4127174,-1.4074516
51.60097,-2.9286358
51.6237893,-3.9420217
58.0120187,-3.8463346
51.6595305,-0.4015431
51.2439022,-0.3248314
52.2443944,-0.8345401
51.5665136,-1.7977776
51.8586177,-4.3092446
51.4039501,0.0193894
1.426330323,103.7863951
46.769915,23.57993
60.0409231358,9.1578687797
60.6282148991,8.5627659181
36.14532,-115.102874
